x,y,z,value
0.00,0.00,1.00,0.023216264
75.00,0.00,1.00,0.03109072
150.00,0.00,1.00,0.029223323
225.00,0.00,1.00,0.015632759
300.00,0.00,1.00,0.040496017
375.00,0.00,1.00,0.037955577
450.00,0.00,1.00,0.029682695
525.00,0.00,1.00,0.042278717
600.00,0.00,1.00,0.041077568
675.00,0.00,1.00,0.041026094
750.00,0.00,1.00,0.038628054
825.00,0.00,1.00,0.043755957
900.00,0.00,1.00,0.030319192
975.00,0.00,1.00,0.035325596
1050.00,0.00,1.00,0.031001597
1125.00,0.00,1.00,0.040452032
1200.00,0.00,1.00,0.032877007
1275.00,0.00,1.00,0.027113173
1350.00,0.00,1.00,0.019358069
1425.00,0.00,1.00,0.021617579
1500.00,0.00,1.00,0.021227389
0.00,75.00,1.00,0.021899825
75.00,75.00,1.00,0.042261336
150.00,75.00,1.00,0.043964278
225.00,75.00,1.00,0.010687145
300.00,75.00,1.00,0.022588717
375.00,75.00,1.00,0.042679546
450.00,75.00,1.00,0.042265567
525.00,75.00,1.00,0.050335983
600.00,75.00,1.00,0.051711094
675.00,75.00,1.00,0.0718656
750.00,75.00,1.00,0.039632171
825.00,75.00,1.00,0.046833119
900.00,75.00,1.00,0.070566688
975.00,75.00,1.00,0.055411764
1050.00,75.00,1.00,0.054226669
1125.00,75.00,1.00,0.040499324
1200.00,75.00,1.00,0.02645749
1275.00,75.00,1.00,0.041351257
1350.00,75.00,1.00,0.036598428
1425.00,75.00,1.00,0.018573377
1500.00,75.00,1.00,0.019576352
0.00,150.00,1.00,0.030614018
75.00,150.00,1.00,0.02868333
150.00,150.00,1.00,0.044438303
225.00,150.00,1.00,0.052984418
300.00,150.00,1.00,0.057509425
375.00,150.00,1.00,0.055515474
450.00,150.00,1.00,0.069004287
525.00,150.00,1.00,0.074027927
600.00,150.00,1.00,0.070237166
675.00,150.00,1.00,0.060301936
750.00,150.00,1.00,0.076547742
825.00,150.00,1.00,0.063523186
900.00,150.00,1.00,0.076187664
975.00,150.00,1.00,0.055052701
1050.00,150.00,1.00,0.073665129
1125.00,150.00,1.00,0.062174787
1200.00,150.00,1.00,0.046324043
1275.00,150.00,1.00,0.050609064
1350.00,150.00,1.00,0.047834365
1425.00,150.00,1.00,0.043024709
1500.00,150.00,1.00,0.023571063
0.00,225.00,1.00,0.029145043
75.00,225.00,1.00,0.053385782
150.00,225.00,1.00,0.058682094
225.00,225.00,1.00,0.076536162
300.00,225.00,1.00,0.089116567
375.00,225.00,1.00,0.068429485
450.00,225.00,1.00,0.089579673
525.00,225.00,1.00,0.10176288
600.00,225.00,1.00,0.089870252
675.00,225.00,1.00,0.087855322
750.00,225.00,1.00,0.10450353
825.00,225.00,1.00,0.097691181
900.00,225.00,1.00,0.101406
975.00,225.00,1.00,0.086930022
1050.00,225.00,1.00,0.0746415
1125.00,225.00,1.00,0.087032207
1200.00,225.00,1.00,0.079101224
1275.00,225.00,1.00,0.083095985
1350.00,225.00,1.00,0.066375246
1425.00,225.00,1.00,0.036561137
1500.00,225.00,1.00,0.030516153
0.00,300.00,1.00,0.061265762
75.00,300.00,1.00,0.077776215
150.00,300.00,1.00,0.086365432
225.00,300.00,1.00,0.11193915
300.00,300.00,1.00,0.12606315
375.00,300.00,1.00,0.12726915
450.00,300.00,1.00,0.13038756
525.00,300.00,1.00,0.12704583
600.00,300.00,1.00,0.13154296
675.00,300.00,1.00,0.13769841
750.00,300.00,1.00,0.15167721
825.00,300.00,1.00,0.11215916
900.00,300.00,1.00,0.12661314
975.00,300.00,1.00,0.12599015
1050.00,300.00,1.00,0.11406102
1125.00,300.00,1.00,0.13382469
1200.00,300.00,1.00,0.11747263
1275.00,300.00,1.00,0.11733169
1350.00,300.00,1.00,0.08782758
1425.00,300.00,1.00,0.076843984
1500.00,300.00,1.00,0.066226445
0.00,375.00,1.00,0.071381967
75.00,375.00,1.00,0.090894453
150.00,375.00,1.00,0.1288429
225.00,375.00,1.00,0.19981755
300.00,375.00,1.00,0.18881337
375.00,375.00,1.00,0.17103701
450.00,375.00,1.00,0.16947545
525.00,375.00,1.00,0.17097661
600.00,375.00,1.00,0.2043512
675.00,375.00,1.00,0.21794218
750.00,375.00,1.00,0.21371686
825.00,375.00,1.00,0.18549132
900.00,375.00,1.00,0.18036414
975.00,375.00,1.00,0.16383004
1050.00,375.00,1.00,0.19764081
1125.00,375.00,1.00,0.22112455
1200.00,375.00,1.00,0.17724522
1275.00,375.00,1.00,0.13403404
1350.00,375.00,1.00,0.12866272
1425.00,375.00,1.00,0.11683313
1500.00,375.00,1.00,0.056738509
0.00,450.00,1.00,0.071428379
75.00,450.00,1.00,0.14305108
150.00,450.00,1.00,0.21965048
225.00,450.00,1.00,0.30093603
300.00,450.00,1.00,0.29046952
375.00,450.00,1.00,0.25321616
450.00,450.00,1.00,0.21677752
525.00,450.00,1.00,0.23396792
600.00,450.00,1.00,0.28985779
675.00,450.00,1.00,0.33976332
750.00,450.00,1.00,0.31820481
825.00,450.00,1.00,0.25503234
900.00,450.00,1.00,0.22951009
975.00,450.00,1.00,0.22130429
1050.00,450.00,1.00,0.27507306
1125.00,450.00,1.00,0.3493279
1200.00,450.00,1.00,0.29625067
1275.00,450.00,1.00,0.22284993
1350.00,450.00,1.00,0.16558685
1425.00,450.00,1.00,0.10885313
1500.00,450.00,1.00,0.077238896
0.00,525.00,1.00,0.10156226
75.00,525.00,1.00,0.17195115
150.00,525.00,1.00,0.29259083
225.00,525.00,1.00,0.42846883
300.00,525.00,1.00,0.38130876
375.00,525.00,1.00,0.29665467
450.00,525.00,1.00,0.25489915
525.00,525.00,1.00,0.27566413
600.00,525.00,1.00,0.39323669
675.00,525.00,1.00,0.45535105
750.00,525.00,1.00,0.41904415
825.00,525.00,1.00,0.30396091
900.00,525.00,1.00,0.2732166
975.00,525.00,1.00,0.29028522
1050.00,525.00,1.00,0.36839267
1125.00,525.00,1.00,0.44589846
1200.00,525.00,1.00,0.39241906
1275.00,525.00,1.00,0.28572241
1350.00,525.00,1.00,0.19817044
1425.00,525.00,1.00,0.15022134
1500.00,525.00,1.00,0.091172235
0.00,600.00,1.00,0.096273652
75.00,600.00,1.00,0.17957931
150.00,600.00,1.00,0.32859073
225.00,600.00,1.00,0.45726788
300.00,600.00,1.00,0.41941611
375.00,600.00,1.00,0.33150119
450.00,600.00,1.00,0.26359122
525.00,600.00,1.00,0.3060048
600.00,600.00,1.00,0.39937671
675.00,600.00,1.00,0.49331116
750.00,600.00,1.00,0.45729756
825.00,600.00,1.00,0.3618064
900.00,600.00,1.00,0.29492558
975.00,600.00,1.00,0.30086862
1050.00,600.00,1.00,0.38957865
1125.00,600.00,1.00,0.51874147
1200.00,600.00,1.00,0.43140975
1275.00,600.00,1.00,0.28795242
1350.00,600.00,1.00,0.19546761
1425.00,600.00,1.00,0.13768674
1500.00,600.00,1.00,0.076897769
0.00,675.00,1.00,0.098970588
75.00,675.00,1.00,0.1644597
150.00,675.00,1.00,0.31669288
225.00,675.00,1.00,0.42977029
300.00,675.00,1.00,0.35988128
375.00,675.00,1.00,0.30774583
450.00,675.00,1.00,0.24765518
525.00,675.00,1.00,0.2908209
600.00,675.00,1.00,0.37849404
675.00,675.00,1.00,0.47276848
750.00,675.00,1.00,0.40666563
825.00,675.00,1.00,0.34403308
900.00,675.00,1.00,0.29364179
975.00,675.00,1.00,0.27043898
1050.00,675.00,1.00,0.3745504
1125.00,675.00,1.00,0.44545442
1200.00,675.00,1.00,0.3898419
1275.00,675.00,1.00,0.26586147
1350.00,675.00,1.00,0.21032959
1425.00,675.00,1.00,0.120501
1500.00,675.00,1.00,0.086067533
0.00,750.00,1.00,0.089131128
75.00,750.00,1.00,0.13055808
150.00,750.00,1.00,0.22572669
225.00,750.00,1.00,0.30035393
300.00,750.00,1.00,0.29263826
375.00,750.00,1.00,0.23601486
450.00,750.00,1.00,0.21644727
525.00,750.00,1.00,0.22907011
600.00,750.00,1.00,0.28826963
675.00,750.00,1.00,0.34887002
750.00,750.00,1.00,0.31847481
825.00,750.00,1.00,0.27224439
900.00,750.00,1.00,0.22617893
975.00,750.00,1.00,0.2312784
1050.00,750.00,1.00,0.2793984
1125.00,750.00,1.00,0.32928831
1200.00,750.00,1.00,0.28401248
1275.00,750.00,1.00,0.22863594
1350.00,750.00,1.00,0.14887548
1425.00,750.00,1.00,0.10556958
1500.00,750.00,1.00,0.083177401
0.00,825.00,1.00,0.071580441
75.00,825.00,1.00,0.095699629
150.00,825.00,1.00,0.1237413
225.00,825.00,1.00,0.18635121
300.00,825.00,1.00,0.19256023
375.00,825.00,1.00,0.16372409
450.00,825.00,1.00,0.17580075
525.00,825.00,1.00,0.16582709
600.00,825.00,1.00,0.1843636
675.00,825.00,1.00,0.21856657
750.00,825.00,1.00,0.21177482
825.00,825.00,1.00,0.19475807
900.00,825.00,1.00,0.15939664
975.00,825.00,1.00,0.19258495
1050.00,825.00,1.00,0.18482431
1125.00,825.00,1.00,0.19017218
1200.00,825.00,1.00,0.19890188
1275.00,825.00,1.00,0.15536636
1350.00,825.00,1.00,0.12571236
1425.00,825.00,1.00,0.087659856
1500.00,825.00,1.00,0.066247558
0.00,900.00,1.00,0.054819707
75.00,900.00,1.00,0.063364718
150.00,900.00,1.00,0.099691483
225.00,900.00,1.00,0.10720223
300.00,900.00,1.00,0.11277471
375.00,900.00,1.00,0.12331501
450.00,900.00,1.00,0.12603102
525.00,900.00,1.00,0.12214003
600.00,900.00,1.00,0.12378676
675.00,900.00,1.00,0.14657551
750.00,900.00,1.00,0.12322565
825.00,900.00,1.00,0.12448503
900.00,900.00,1.00,0.12841332
975.00,900.00,1.00,0.11190556
1050.00,900.00,1.00,0.12874455
1125.00,900.00,1.00,0.12990789
1200.00,900.00,1.00,0.13313293
1275.00,900.00,1.00,0.099375789
1350.00,900.00,1.00,0.082772771
1425.00,900.00,1.00,0.07344957
1500.00,900.00,1.00,0.029082677
0.00,975.00,1.00,0.071653734
75.00,975.00,1.00,0.044310662
150.00,975.00,1.00,0.056024068
225.00,975.00,1.00,0.082856987
300.00,975.00,1.00,0.081040505
375.00,975.00,1.00,0.067109587
450.00,975.00,1.00,0.093343534
525.00,975.00,1.00,0.098032055
600.00,975.00,1.00,0.088330308
675.00,975.00,1.00,0.093202121
750.00,975.00,1.00,0.10181344
825.00,975.00,1.00,0.085948888
900.00,975.00,1.00,0.096783802
975.00,975.00,1.00,0.092431393
1050.00,975.00,1.00,0.08279369
1125.00,975.00,1.00,0.074078892
1200.00,975.00,1.00,0.081326199
1275.00,975.00,1.00,0.066418031
1350.00,975.00,1.00,0.074536445
1425.00,975.00,1.00,0.054493799
1500.00,975.00,1.00,0.050492835
0.00,1050.00,1.00,0.032702018
75.00,1050.00,1.00,0.040884578
150.00,1050.00,1.00,0.037520292
225.00,1050.00,1.00,0.058769195
300.00,1050.00,1.00,0.07518119
375.00,1050.00,1.00,0.05750182
450.00,1050.00,1.00,0.057016511
525.00,1050.00,1.00,0.063429544
600.00,1050.00,1.00,0.062133045
675.00,1050.00,1.00,0.061481511
750.00,1050.00,1.00,0.070551865
825.00,1050.00,1.00,0.065650169
900.00,1050.00,1.00,0.081842592
975.00,1050.00,1.00,0.065883297
1050.00,1050.00,1.00,0.067698578
1125.00,1050.00,1.00,0.071996032
1200.00,1050.00,1.00,0.055901884
1275.00,1050.00,1.00,0.068296223
1350.00,1050.00,1.00,0.040895469
1425.00,1050.00,1.00,0.03210187
1500.00,1050.00,1.00,0.029793889
0.00,1125.00,1.00,0.023525296
75.00,1125.00,1.00,0.015029138
150.00,1125.00,1.00,0.03343849
225.00,1125.00,1.00,0.021231689
300.00,1125.00,1.00,0.055739101
375.00,1125.00,1.00,0.043626979
450.00,1125.00,1.00,0.040045196
525.00,1125.00,1.00,0.039000295
600.00,1125.00,1.00,0.045631422
675.00,1125.00,1.00,0.048214656
750.00,1125.00,1.00,0.040314237
825.00,1125.00,1.00,0.041355218
900.00,1125.00,1.00,0.048036921
975.00,1125.00,1.00,0.043616324
1050.00,1125.00,1.00,0.057016683
1125.00,1125.00,1.00,0.057188695
1200.00,1125.00,1.00,0.043270323
1275.00,1125.00,1.00,0.044444222
1350.00,1125.00,1.00,0.022007249
1425.00,1125.00,1.00,0.037413666
1500.00,1125.00,1.00,0.026170186
0.00,1200.00,1.00,0.024621469
75.00,1200.00,1.00,0.038958526
150.00,1200.00,1.00,0.0028406854
225.00,1200.00,1.00,0.031435351
300.00,1200.00,1.00,0.020244246
375.00,1200.00,1.00,0.039428862
450.00,1200.00,1.00,0.021838912
525.00,1200.00,1.00,0.031402363
600.00,1200.00,1.00,0.039442471
675.00,1200.00,1.00,0.044252844
750.00,1200.00,1.00,0.039096562
825.00,1200.00,1.00,0.030222176
900.00,1200.00,1.00,0.032167306
975.00,1200.00,1.00,0.045907903
1050.00,1200.00,1.00,0.035817018
1125.00,1200.00,1.00,0.017389681
1200.00,1200.00,1.00,0.040999443
1275.00,1200.00,1.00,0.034273419
1350.00,1200.00,1.00,0.036082266
1425.00,1200.00,1.00,0.020815022
1500.00,1200.00,1.00,0.029512223
