time,n_python,total_gb,max_gb,max_pid
10:22:02,1,1.15,1.15,37556
10:22:02,1,1.16,1.16,37556
10:22:04,1,1.26,1.26,37556
10:22:04,1,1.28,1.28,37556
10:22:06,1,1.40,1.40,37556
10:22:06,1,1.41,1.41,37556
10:22:08,1,1.44,1.44,37556
10:22:08,1,1.45,1.45,37556
10:22:10,1,1.50,1.50,37556
10:22:10,1,1.51,1.51,37556
10:22:12,1,1.54,1.54,37556
10:22:12,1,1.54,1.54,37556
10:22:14,1,1.62,1.62,37556
10:22:14,1,1.63,1.63,37556
10:22:16,1,0.49,0.49,37556
10:22:16,1,0.57,0.57,37556
10:22:18,1,0.95,0.95,37556
10:22:19,1,0.98,0.98,37556
10:22:21,1,1.13,1.13,37556
10:22:21,1,1.14,1.14,37556
10:22:23,1,1.28,1.28,37556
10:22:23,1,1.28,1.28,37556
10:22:25,1,1.39,1.39,37556
10:22:25,1,1.40,1.40,37556
10:22:27,1,1.44,1.44,37556
10:22:27,1,1.44,1.44,37556
10:22:29,1,1.45,1.45,37556
10:22:29,1,1.45,1.45,37556
10:22:31,1,1.51,1.51,37556
10:22:31,1,1.51,1.51,37556
10:22:33,1,1.53,1.53,37556
10:22:33,1,1.54,1.54,37556
10:22:35,1,1.55,1.55,37556
10:22:37,1,0.25,0.25,37556
10:22:38,1,0.32,0.32,37556
10:22:40,1,0.39,0.39,37556
10:22:40,1,0.40,0.40,37556
10:22:42,1,0.66,0.66,37556
10:22:42,1,0.74,0.74,37556
10:22:44,1,0.84,0.84,37556
10:22:44,1,0.87,0.87,37556
10:22:46,1,1.00,1.00,37556
10:22:47,1,1.02,1.02,37556
10:22:48,1,1.13,1.13,37556
10:22:49,1,1.20,1.20,37556
10:22:50,1,1.25,1.25,37556
10:22:51,1,1.29,1.29,37556
10:22:52,1,1.36,1.36,37556
10:22:53,1,1.39,1.39,37556
10:22:54,1,1.42,1.42,37556
10:22:55,1,1.43,1.43,37556
10:22:56,1,1.44,1.44,37556
10:22:57,1,1.45,1.45,37556
10:22:58,1,1.50,1.50,37556
10:22:59,1,1.50,1.50,37556
10:23:00,1,1.53,1.53,37556
10:23:01,1,1.53,1.53,37556
10:23:02,1,1.54,1.54,37556
10:23:03,1,1.64,1.64,37556
10:23:04,1,1.80,1.80,37556
10:23:05,1,2.06,2.06,37556
10:23:06,1,2.24,2.24,37556
10:23:07,1,2.27,2.27,37556
10:23:09,1,2.35,2.35,37556
10:23:09,1,2.41,2.41,37556
10:23:11,1,2.48,2.48,37556
10:23:11,1,2.54,2.54,37556
10:23:13,1,2.61,2.61,37556
10:23:13,1,2.64,2.64,37556
10:23:15,1,2.67,2.67,37556
10:23:16,1,2.67,2.67,37556
10:23:17,1,2.68,2.68,37556
10:23:18,1,2.69,2.69,37556
10:23:19,1,2.70,2.70,37556
10:23:20,1,2.75,2.75,37556
10:23:21,1,2.76,2.76,37556
10:23:22,1,2.79,2.79,37556
10:23:23,1,2.79,2.79,37556
10:23:24,1,2.87,2.87,37556
10:23:25,1,2.94,2.94,37556
10:23:26,1,3.27,3.27,37556
10:23:27,1,3.45,3.45,37556
10:23:28,1,3.51,3.51,37556
10:23:29,1,3.59,3.59,37556
10:23:30,1,3.65,3.65,37556
10:23:31,1,3.70,3.70,37556
10:23:32,1,3.74,3.74,37556
10:23:33,1,3.82,3.82,37556
10:23:34,1,3.86,3.86,37556
10:23:35,1,3.91,3.91,37556
10:23:36,1,3.92,3.92,37556
10:23:37,1,3.93,3.93,37556
10:23:38,1,3.99,3.99,37556
10:23:40,1,4.02,4.02,37556
10:23:40,1,4.03,4.03,37556
10:23:42,1,4.14,4.14,37556
10:23:43,1,4.16,4.16,37556
10:23:44,1,4.17,4.17,37556
10:23:45,1,4.24,4.24,37556
10:23:46,1,4.21,4.21,37556
10:23:47,1,4.24,4.24,37556
10:23:48,1,4.18,4.18,37556
10:23:49,1,4.24,4.24,37556
10:23:50,1,4.16,4.16,37556
10:23:51,1,4.24,4.24,37556
10:23:52,1,4.25,4.25,37556
10:23:53,1,4.25,4.25,37556
10:23:54,1,4.31,4.31,37556
10:23:55,1,4.25,4.25,37556
10:23:56,1,4.25,4.25,37556
10:23:57,1,4.26,4.26,37556
10:23:58,1,4.26,4.26,37556
10:23:59,1,4.18,4.18,37556
10:24:00,1,4.27,4.27,37556
10:24:01,1,4.27,4.27,37556
10:24:02,1,4.27,4.27,37556
10:24:03,1,4.27,4.27,37556
10:24:04,1,4.34,4.34,37556
10:24:05,1,4.27,4.27,37556
10:24:06,1,4.13,4.13,37556
10:24:07,1,4.15,4.15,37556
10:24:08,1,4.58,4.58,37556
10:24:09,1,4.75,4.75,37556
10:24:10,1,4.86,4.86,37556
10:24:11,1,4.94,4.94,37556
10:24:12,1,5.00,5.00,37556
10:24:13,1,5.08,5.08,37556
10:24:14,1,5.16,5.16,37556
10:24:15,1,5.20,5.20,37556
10:24:16,1,5.21,5.21,37556
10:24:17,1,5.22,5.22,37556
10:24:18,1,5.23,5.23,37556
10:24:20,1,5.29,5.29,37556
10:24:21,1,5.31,5.31,37556
10:24:22,1,5.32,5.32,37556
10:24:23,1,4.17,4.17,37556
10:24:24,1,4.33,4.33,37556
10:24:25,1,4.65,4.65,37556
10:24:26,1,4.79,4.79,37556
10:24:27,1,4.87,4.87,37556
10:24:28,1,4.94,4.94,37556
10:24:29,1,4.99,4.99,37556
10:24:30,1,5.08,5.08,37556
10:24:31,1,5.13,5.13,37556
10:24:32,1,5.18,5.18,37556
10:24:33,1,5.21,5.21,37556
10:24:34,1,5.22,5.22,37556
10:24:35,1,5.23,5.23,37556
10:24:36,1,5.23,5.23,37556
10:24:37,1,5.29,5.29,37556
10:24:38,1,5.29,5.29,37556
10:24:39,1,5.32,5.32,37556
10:24:40,1,5.33,5.33,37556
10:24:41,1,4.08,4.08,37556
10:24:42,1,4.15,4.15,37556
10:24:43,1,4.58,4.58,37556
10:24:44,1,4.75,4.75,37556
10:24:45,1,4.83,4.83,37556
10:24:46,1,4.92,4.92,37556
10:24:47,1,4.97,4.97,37556
10:24:49,1,5.04,5.04,37556
10:24:50,1,5.11,5.11,37556
10:24:51,1,5.18,5.18,37556
10:24:52,1,5.20,5.20,37556
10:24:53,1,5.21,5.21,37556
10:24:54,1,5.22,5.22,37556
10:24:55,1,5.27,5.27,37556
10:24:56,1,5.28,5.28,37556
10:24:57,1,5.31,5.31,37556
10:24:58,1,5.31,5.31,37556
10:24:59,1,5.32,5.32,37556
10:25:00,1,4.09,4.09,37556
10:25:01,1,4.08,4.08,37556
10:25:02,1,4.09,4.09,37556
10:25:03,1,4.08,4.08,37556
10:25:04,1,4.08,4.08,37556
10:25:05,1,4.08,4.08,37556
10:25:06,1,4.08,4.08,37556
10:25:07,1,4.08,4.08,37556
10:25:08,1,4.08,4.08,37556
10:25:09,1,4.08,4.08,37556
10:25:10,1,4.08,4.08,37556
10:25:11,1,4.08,4.08,37556
10:25:12,1,4.08,4.08,37556
10:25:13,1,4.08,4.08,37556
10:25:14,1,4.08,4.08,37556
10:25:15,1,4.08,4.08,37556
10:25:16,1,4.08,4.08,37556
10:25:17,1,4.08,4.08,37556
10:25:18,1,4.12,4.12,37556
10:25:19,1,4.25,4.25,37556
10:25:20,1,4.69,4.69,37556
10:25:21,1,4.81,4.81,37556
10:25:22,1,4.91,4.91,37556
10:25:23,1,4.97,4.97,37556
10:25:24,1,5.06,5.06,37556
10:25:25,1,5.11,5.11,37556
10:25:27,1,5.17,5.17,37556
10:25:27,1,5.20,5.20,37556
10:25:29,1,5.21,5.21,37556
10:25:30,1,5.26,5.26,37556
10:25:31,1,5.28,5.28,37556
10:25:32,1,5.30,5.30,37556
10:25:33,1,4.08,4.08,37556
10:25:34,1,4.15,4.15,37556
10:25:35,1,4.64,4.64,37556
10:25:36,1,4.79,4.79,37556
10:25:37,1,4.88,4.88,37556
10:25:38,1,4.96,4.96,37556
10:25:39,1,5.04,5.04,37556
10:25:40,1,5.10,5.10,37556
10:25:41,1,5.15,5.15,37556
10:25:42,1,5.18,5.18,37556
10:25:43,1,5.19,5.19,37556
10:25:44,1,5.21,5.21,37556
10:25:45,1,5.22,5.22,37556
10:25:46,1,5.23,5.23,37556
10:25:47,1,5.27,5.27,37556
10:25:48,1,5.31,5.31,37556
10:25:49,1,5.31,5.31,37556
10:25:50,1,5.32,5.32,37556
10:25:51,1,4.17,4.17,37556
10:25:52,1,4.55,4.55,37556
10:25:53,1,4.74,4.74,37556
10:25:54,1,4.85,4.85,37556
10:25:55,1,4.93,4.93,37556
10:25:57,1,4.98,4.98,37556
10:25:57,1,5.05,5.05,37556
10:25:59,1,5.13,5.13,37556
10:26:00,1,5.18,5.18,37556
10:26:01,1,5.20,5.20,37556
10:26:02,1,5.22,5.22,37556
10:26:03,1,5.28,5.28,37556
10:26:04,1,5.29,5.29,37556
10:26:05,1,5.32,5.32,37556
10:26:06,1,4.07,4.07,37556
10:26:07,1,4.07,4.07,37556
10:26:08,1,4.10,4.10,37556
10:26:09,1,4.10,4.10,37556
10:26:10,1,4.10,4.10,37556
10:26:11,1,4.09,4.09,37556
10:26:12,1,4.09,4.09,37556
10:26:13,1,4.09,4.09,37556
10:26:14,1,4.09,4.09,37556
10:26:15,1,4.09,4.09,37556
10:26:16,1,4.10,4.10,37556
10:26:17,1,4.10,4.10,37556
10:26:18,1,4.10,4.10,37556
10:26:19,1,4.09,4.09,37556
10:26:20,1,4.09,4.09,37556
10:26:21,1,4.09,4.09,37556
10:26:22,1,4.10,4.10,37556
10:26:23,1,4.09,4.09,37556
10:26:24,1,4.10,4.10,37556
10:26:25,1,4.10,4.10,37556
10:26:26,1,4.09,4.09,37556
10:26:27,1,4.10,4.10,37556
10:26:28,1,4.10,4.10,37556
10:26:29,1,4.10,4.10,37556
10:26:30,1,4.09,4.09,37556
10:26:31,1,4.10,4.10,37556
10:26:32,1,4.10,4.10,37556
10:26:33,1,4.10,4.10,37556
10:26:34,1,4.10,4.10,37556
10:26:35,1,4.10,4.10,37556
10:26:36,1,4.10,4.10,37556
10:26:37,1,4.09,4.09,37556
10:26:38,1,4.10,4.10,37556
10:26:39,1,4.09,4.09,37556
10:26:40,1,4.10,4.10,37556
10:26:41,1,4.09,4.09,37556
10:26:42,1,4.10,4.10,37556
10:26:43,1,4.10,4.10,37556
10:26:44,1,4.09,4.09,37556
10:26:45,1,4.09,4.09,37556
10:26:46,1,4.09,4.09,37556
10:26:47,1,4.09,4.09,37556
10:26:48,1,4.10,4.10,37556
10:26:49,1,4.10,4.10,37556
10:26:50,1,4.09,4.09,37556
10:26:51,1,4.09,4.09,37556
10:26:52,1,4.09,4.09,37556
10:26:53,1,4.10,4.10,37556
10:26:54,1,4.09,4.09,37556
10:26:55,1,4.09,4.09,37556
10:26:56,1,4.10,4.10,37556
10:26:57,1,4.09,4.09,37556
10:26:58,1,4.09,4.09,37556
10:26:59,1,4.10,4.10,37556
10:27:00,1,4.10,4.10,37556
10:27:01,1,4.10,4.10,37556
10:27:02,1,4.09,4.09,37556
10:27:03,1,4.10,4.10,37556
10:27:04,1,4.09,4.09,37556
10:27:05,1,4.10,4.10,37556
10:27:06,1,4.10,4.10,37556
10:27:07,1,4.09,4.09,37556
10:27:08,1,4.09,4.09,37556
10:27:09,1,4.09,4.09,37556
10:27:10,1,4.10,4.10,37556
10:27:11,1,4.11,4.11,37556
10:27:12,1,4.09,4.09,37556
10:27:14,1,4.10,4.10,37556
10:27:14,1,4.10,4.10,37556
10:27:16,1,4.10,4.10,37556
10:27:16,1,4.09,4.09,37556
10:27:18,1,4.10,4.10,37556
10:27:18,1,4.09,4.09,37556
10:27:20,1,4.10,4.10,37556
10:27:20,1,4.09,4.09,37556
10:27:22,1,4.10,4.10,37556
10:27:23,1,4.10,4.10,37556
10:27:24,1,4.09,4.09,37556
10:27:25,1,4.10,4.10,37556
10:27:26,1,4.10,4.10,37556
10:27:27,1,4.09,4.09,37556
10:27:28,1,4.09,4.09,37556
10:27:29,1,4.10,4.10,37556
10:27:30,1,4.09,4.09,37556
10:27:31,1,4.10,4.10,37556
10:27:32,1,4.11,4.11,37556
10:27:33,1,4.10,4.10,37556
10:27:34,1,4.09,4.09,37556
10:27:35,1,4.09,4.09,37556
10:27:36,1,4.10,4.10,37556
10:27:37,1,4.10,4.10,37556
10:27:38,1,4.09,4.09,37556
10:27:39,1,4.09,4.09,37556
10:27:40,1,4.10,4.10,37556
10:27:41,1,4.09,4.09,37556
10:27:42,1,4.10,4.10,37556
10:27:43,1,4.09,4.09,37556
10:27:44,1,4.11,4.11,37556
10:27:45,1,4.10,4.10,37556
10:27:46,1,4.09,4.09,37556
10:27:47,1,4.11,4.11,37556
10:27:48,1,4.10,4.10,37556
10:27:49,1,4.10,4.10,37556
10:27:50,1,4.12,4.12,37556
10:27:51,1,4.39,4.39,37556
10:27:52,1,4.68,4.68,37556
10:27:53,1,4.79,4.79,37556
10:27:54,1,4.88,4.88,37556
10:27:55,1,4.95,4.95,37556
10:27:56,1,5.04,5.04,37556
10:27:57,1,5.10,5.10,37556
10:27:58,1,5.13,5.13,37556
10:27:59,1,5.16,5.16,37556
10:28:00,1,5.17,5.17,37556
10:28:01,1,5.18,5.18,37556
10:28:02,1,5.24,5.24,37556
10:28:03,1,5.27,5.27,37556
10:28:04,1,5.28,5.28,37556
10:28:05,1,4.13,4.13,37556
10:28:06,1,4.38,4.38,37556
10:28:07,1,4.63,4.63,37556
10:28:08,1,4.75,4.75,37556
10:28:10,1,4.82,4.82,37556
10:28:10,1,4.89,4.89,37556
10:28:12,1,4.95,4.95,37556
10:28:13,1,5.02,5.02,37556
10:28:14,1,5.09,5.09,37556
10:28:15,1,5.14,5.14,37556
10:28:16,1,5.15,5.15,37556
10:28:17,1,5.16,5.16,37556
10:28:18,1,5.17,5.17,37556
10:28:19,1,5.18,5.18,37556
10:28:20,1,5.20,5.20,37556
10:28:21,1,5.24,5.24,37556
10:28:22,1,5.27,5.27,37556
10:28:23,1,5.28,5.28,37556
10:28:24,1,5.29,5.29,37556
10:28:25,1,4.14,4.14,37556
10:28:26,1,4.44,4.44,37556
10:28:27,1,4.66,4.66,37556
10:28:28,1,4.76,4.76,37556
10:28:29,1,4.84,4.84,37556
10:28:30,1,4.91,4.91,37556
10:28:31,1,4.95,4.95,37556
10:28:32,1,5.02,5.02,37556
10:28:33,1,5.08,5.08,37556
10:28:34,1,5.12,5.12,37556
10:28:35,1,5.16,5.16,37556
10:28:36,1,5.17,5.17,37556
10:28:37,1,5.19,5.19,37556
10:28:38,1,5.19,5.19,37556
10:28:39,1,5.25,5.25,37556
10:28:40,1,5.28,5.28,37556
10:28:42,1,5.29,5.29,37556
10:28:43,1,4.05,4.05,37556
10:28:44,1,4.12,4.12,37556
10:28:45,1,4.21,4.21,37556
10:28:46,1,4.63,4.63,37556
10:28:47,1,4.76,4.76,37556
10:28:48,1,4.83,4.83,37556
10:28:49,1,4.94,4.94,37556
10:28:50,1,5.01,5.01,37556
10:28:51,1,5.09,5.09,37556
10:28:52,1,5.14,5.14,37556
10:28:53,1,5.17,5.17,37556
10:28:54,1,5.18,5.18,37556
10:28:55,1,5.19,5.19,37556
10:28:56,1,5.25,5.25,37556
10:28:57,1,5.27,5.27,37556
10:28:58,1,5.28,5.28,37556
10:28:59,1,4.13,4.13,37556
10:29:00,1,4.24,4.24,37556
10:29:01,1,4.63,4.63,37556
10:29:02,1,4.77,4.77,37556
10:29:03,1,4.85,4.85,37556
10:29:04,1,4.92,4.92,37556
10:29:05,1,4.97,4.97,37556
10:29:06,1,5.05,5.05,37556
10:29:07,1,5.12,5.12,37556
10:29:09,1,5.17,5.17,37556
10:29:10,1,5.18,5.18,37556
10:29:11,1,5.19,5.19,37556
10:29:12,1,5.20,5.20,37556
10:29:13,1,5.20,5.20,37556
10:29:14,1,5.26,5.26,37556
10:29:15,1,5.26,5.26,37556
10:29:16,1,5.29,5.29,37556
10:29:17,1,5.30,5.30,37556
10:29:18,1,4.50,4.50,37556
10:29:19,1,4.19,4.19,37556
10:29:20,1,4.58,4.58,37556
10:29:21,1,4.75,4.75,37556
10:29:22,1,4.78,4.78,37556
10:29:23,1,4.85,4.85,37556
10:29:24,1,4.91,4.91,37556
10:29:25,1,4.96,4.96,37556
10:29:26,1,5.02,5.02,37556
10:29:27,1,5.09,5.09,37556
10:29:28,1,5.14,5.14,37556
10:29:29,1,5.19,5.19,37556
10:29:30,1,5.20,5.20,37556
10:29:31,1,5.26,5.26,37556
10:29:32,1,5.26,5.26,37556
10:29:33,1,5.29,5.29,37556
10:29:34,1,5.30,5.30,37556
10:29:35,1,4.16,4.16,37556
10:29:36,1,4.19,4.19,37556
10:29:37,1,4.19,4.19,37556
10:29:38,1,4.27,4.27,37556
10:29:39,1,4.28,4.28,37556
10:29:40,1,4.27,4.27,37556
10:29:41,1,4.27,4.27,37556
10:29:42,1,4.27,4.27,37556
10:29:44,1,4.27,4.27,37556
10:29:44,1,4.26,4.26,37556
10:29:46,1,4.28,4.28,37556
10:29:47,1,4.22,4.22,37556
10:29:48,1,4.29,4.29,37556
10:29:49,1,4.23,4.23,37556
10:29:50,1,4.29,4.29,37556
10:29:51,1,4.22,4.22,37556
10:29:52,1,4.29,4.29,37556
10:29:53,1,4.26,4.26,37556
10:29:54,1,4.30,4.30,37556
10:29:55,1,4.31,4.31,37556
10:29:56,1,4.30,4.30,37556
10:29:57,1,4.34,4.34,37556
10:29:58,1,4.31,4.31,37556
10:29:59,1,4.12,4.12,37556
10:30:00,1,4.12,4.12,37556
10:30:01,1,4.12,4.12,37556
10:30:02,1,4.12,4.12,37556
10:30:03,1,4.12,4.12,37556
10:30:04,1,4.12,4.12,37556
10:30:05,1,4.12,4.12,37556
10:30:06,1,4.13,4.13,37556
10:30:07,1,4.12,4.12,37556
10:30:08,1,4.13,4.13,37556
10:30:09,1,4.12,4.12,37556
10:30:10,1,4.13,4.13,37556
10:30:11,1,4.12,4.12,37556
10:30:12,1,4.13,4.13,37556
10:30:13,1,4.12,4.12,37556
10:30:14,1,4.12,4.12,37556
10:30:15,1,4.12,4.12,37556
10:30:16,1,4.12,4.12,37556
10:30:17,1,4.12,4.12,37556
10:30:18,1,4.12,4.12,37556
10:30:19,1,4.12,4.12,37556
10:30:20,1,4.12,4.12,37556
10:30:21,1,4.12,4.12,37556
10:30:22,1,4.14,4.14,37556
10:30:23,1,4.13,4.13,37556
10:30:24,1,4.12,4.12,37556
10:30:25,1,4.12,4.12,37556
10:30:26,1,4.12,4.12,37556
10:30:27,1,4.12,4.12,37556
10:30:28,1,4.12,4.12,37556
10:30:29,1,4.13,4.13,37556
10:30:30,1,4.12,4.12,37556
10:30:31,1,4.12,4.12,37556
10:30:32,1,4.12,4.12,37556
10:30:33,1,4.12,4.12,37556
10:30:34,1,4.12,4.12,37556
10:30:35,1,4.12,4.12,37556
10:30:36,1,4.12,4.12,37556
10:30:37,1,4.12,4.12,37556
10:30:38,1,4.12,4.12,37556
10:30:39,1,4.12,4.12,37556
10:30:40,1,4.12,4.12,37556
10:30:41,1,4.12,4.12,37556
10:30:42,1,4.12,4.12,37556
10:30:43,1,4.12,4.12,37556
10:30:44,1,4.12,4.12,37556
10:30:45,1,4.12,4.12,37556
10:30:46,1,4.13,4.13,37556
10:30:47,1,4.12,4.12,37556
10:30:48,1,4.12,4.12,37556
10:30:49,1,4.13,4.13,37556
10:30:50,1,4.13,4.13,37556
10:30:51,1,4.13,4.13,37556
10:30:52,1,4.12,4.12,37556
10:30:53,1,4.12,4.12,37556
10:30:54,1,4.12,4.12,37556
10:30:55,1,4.12,4.12,37556
10:30:56,1,4.12,4.12,37556
10:30:57,1,4.12,4.12,37556
10:30:58,1,4.12,4.12,37556
10:30:59,1,4.12,4.12,37556
10:31:00,1,4.12,4.12,37556
10:31:01,1,4.12,4.12,37556
10:31:02,1,4.13,4.13,37556
10:31:03,1,4.12,4.12,37556
10:31:04,1,4.13,4.13,37556
10:31:05,1,4.12,4.12,37556
10:31:06,1,4.12,4.12,37556
10:31:07,1,4.12,4.12,37556
10:31:08,1,4.12,4.12,37556
10:31:09,1,4.13,4.13,37556
10:31:10,1,4.12,4.12,37556
10:31:11,1,4.12,4.12,37556
10:31:13,1,4.12,4.12,37556
10:31:13,1,4.13,4.13,37556
10:31:15,1,4.12,4.12,37556
10:31:15,1,4.12,4.12,37556
10:31:17,1,4.12,4.12,37556
10:31:17,1,4.13,4.13,37556
10:31:19,1,4.12,4.12,37556
10:31:19,1,4.12,4.12,37556
10:31:21,1,4.12,4.12,37556
10:31:21,1,4.12,4.12,37556
10:31:23,1,4.12,4.12,37556
10:31:23,1,4.12,4.12,37556
10:31:25,1,4.12,4.12,37556
10:31:25,1,4.12,4.12,37556
10:31:27,1,4.13,4.13,37556
10:31:27,1,4.13,4.13,37556
10:31:29,1,4.12,4.12,37556
10:31:29,1,4.13,4.13,37556
10:31:31,1,4.13,4.13,37556
10:31:31,1,4.12,4.12,37556
10:31:33,1,4.12,4.12,37556
10:31:33,1,4.12,4.12,37556
10:31:35,1,4.12,4.12,37556
10:31:35,1,4.12,4.12,37556
10:31:37,1,4.12,4.12,37556
10:31:38,1,4.12,4.12,37556
10:31:39,1,4.12,4.12,37556
10:31:40,1,4.12,4.12,37556
10:31:41,1,4.12,4.12,37556
10:31:42,1,4.13,4.13,37556
10:31:43,1,4.11,4.11,37556
10:31:44,1,4.12,4.12,37556
10:31:45,1,4.65,4.65,37556
10:31:46,1,4.77,4.77,37556
10:31:47,1,4.90,4.90,37556
10:31:48,1,4.95,4.95,37556
10:31:49,1,5.03,5.03,37556
10:31:50,1,5.09,5.09,37556
10:31:51,1,5.14,5.14,37556
10:31:52,1,5.18,5.18,37556
10:31:53,1,5.19,5.19,37556
10:31:54,1,5.20,5.20,37556
10:31:55,1,5.20,5.20,37556
10:31:56,1,5.21,5.21,37556
10:31:57,1,5.27,5.27,37556
10:31:58,1,5.30,5.30,37556
10:31:59,1,5.31,5.31,37556
10:32:00,1,4.15,4.15,37556
10:32:01,1,4.40,4.40,37556
10:32:02,1,4.64,4.64,37556
10:32:03,1,4.82,4.82,37556
10:32:04,1,4.86,4.86,37556
10:32:06,1,4.97,4.97,37556
10:32:06,1,5.03,5.03,37556
10:32:08,1,5.14,5.14,37556
10:32:08,1,5.17,5.17,37556
10:32:10,1,5.20,5.20,37556
10:32:10,1,5.21,5.21,37556
10:32:12,1,5.27,5.27,37556
10:32:13,1,5.30,5.30,37556
10:32:14,1,5.31,5.31,37556
10:32:15,1,4.11,4.11,37556
10:32:16,1,4.42,4.42,37556
10:32:17,1,4.59,4.59,37556
10:32:18,1,4.76,4.76,37556
10:32:19,1,4.83,4.83,37556
10:32:20,1,4.92,4.92,37556
10:32:21,1,4.97,4.97,37556
10:32:22,1,5.08,5.08,37556
10:32:23,1,5.11,5.11,37556
10:32:24,1,5.18,5.18,37556
10:32:25,1,5.18,5.18,37556
10:32:26,1,5.19,5.19,37556
10:32:27,1,5.20,5.20,37556
10:32:28,1,5.23,5.23,37556
10:32:29,1,5.26,5.26,37556
10:32:30,1,5.28,5.28,37556
10:32:31,1,5.29,5.29,37556
10:32:33,1,5.30,5.30,37556
10:32:33,1,4.06,4.06,37556
10:32:35,1,4.14,4.14,37556
10:32:35,1,4.38,4.38,37556
10:32:37,1,4.71,4.71,37556
10:32:37,1,4.78,4.78,37556
10:32:39,1,4.89,4.89,37556
10:32:39,1,4.95,4.95,37556
10:32:41,1,5.05,5.05,37556
10:32:42,1,5.10,5.10,37556
10:32:43,1,5.17,5.17,37556
10:32:44,1,5.18,5.18,37556
10:32:45,1,5.19,5.19,37556
10:32:46,1,5.19,5.19,37556
10:32:47,1,5.25,5.25,37556
10:32:48,1,5.28,5.28,37556
10:32:49,1,5.29,5.29,37556
10:32:50,1,4.14,4.14,37556
10:32:51,1,4.45,4.45,37556
10:32:52,1,4.65,4.65,37556
10:32:53,1,4.81,4.81,37556
10:32:54,1,4.88,4.88,37556
10:32:55,1,4.96,4.96,37556
10:32:56,1,5.01,5.01,37556
10:32:57,1,5.10,5.10,37556
10:32:58,1,5.13,5.13,37556
10:32:59,1,5.15,5.15,37556
10:33:00,1,5.16,5.16,37556
10:33:02,1,5.18,5.18,37556
10:33:02,1,5.18,5.18,37556
10:33:04,1,5.20,5.20,37556
10:33:04,1,5.25,5.25,37556
10:33:06,1,5.29,5.29,37556
10:33:06,1,5.30,5.30,37556
10:33:08,1,4.14,4.14,37556
10:33:09,1,4.13,4.13,37556
10:33:10,1,4.58,4.58,37556
10:33:11,1,4.71,4.71,37556
10:33:12,1,4.85,4.85,37556
10:33:13,1,4.89,4.89,37556
10:33:14,1,4.97,4.97,37556
10:33:15,1,5.02,5.02,37556
10:33:16,1,5.09,5.09,37556
10:33:17,1,5.13,5.13,37556
10:33:18,1,5.14,5.14,37556
10:33:19,1,5.15,5.15,37556
10:33:20,1,5.17,5.17,37556
10:33:21,1,5.18,5.18,37556
10:33:22,1,5.20,5.20,37556
10:33:23,1,5.20,5.20,37556
10:33:24,1,5.26,5.26,37556
10:33:25,1,5.26,5.26,37556
10:33:26,1,5.30,5.30,37556
10:33:27,1,5.30,5.30,37556
10:33:28,1,4.19,4.19,37556
10:33:29,1,4.20,4.20,37556
10:33:30,1,4.27,4.27,37556
10:33:31,1,4.25,4.25,37556
10:33:32,1,4.27,4.27,37556
10:33:33,1,4.23,4.23,37556
10:33:34,1,4.27,4.27,37556
10:33:35,1,4.19,4.19,37556
10:33:37,1,4.27,4.27,37556
10:33:37,1,4.24,4.24,37556
10:33:39,1,4.23,4.23,37556
10:33:39,1,4.29,4.29,37556
10:33:41,1,4.21,4.21,37556
10:33:41,1,4.32,4.32,37556
10:33:43,1,4.21,4.21,37556
10:33:43,1,4.31,4.31,37556
10:33:45,1,4.28,4.28,37556
10:33:45,1,4.30,4.30,37556
10:33:47,1,4.25,4.25,37556
10:33:47,1,4.30,4.30,37556
10:33:49,1,4.22,4.22,37556
10:33:49,1,4.31,4.31,37556
10:33:51,1,4.10,4.10,37556
10:33:51,1,4.12,4.12,37556
10:33:53,1,4.12,4.12,37556
10:33:53,1,4.12,4.12,37556
10:33:55,1,4.25,4.25,37556
10:33:55,1,4.58,4.58,37556
10:33:57,1,4.80,4.80,37556
10:33:57,1,4.82,4.82,37556
10:33:59,1,4.95,4.95,37556
10:34:00,1,4.97,4.97,37556
10:34:01,1,5.07,5.07,37556
10:34:02,1,5.10,5.10,37556
10:34:03,1,5.17,5.17,37556
10:34:04,1,5.20,5.20,37556
10:34:05,1,5.22,5.22,37556
10:34:06,1,5.24,5.24,37556
10:34:07,1,5.24,5.24,37556
10:34:08,1,5.24,5.24,37556
10:34:09,1,5.31,5.31,37556
10:34:10,1,5.31,5.31,37556
10:34:11,1,5.33,5.33,37556
10:34:12,1,5.34,5.34,37556
10:34:13,1,5.35,5.35,37556
10:34:14,1,4.14,4.14,37556
10:34:16,1,4.23,4.23,37556
10:34:16,1,4.40,4.40,37556
10:34:18,1,4.73,4.73,37556
10:34:18,1,4.81,4.81,37556
10:34:20,1,4.95,4.95,37556
10:34:20,1,5.00,5.00,37556
10:34:22,1,5.11,5.11,37556
10:34:22,1,5.15,5.15,37556
10:34:24,1,5.23,5.23,37556
10:34:24,1,5.23,5.23,37556
10:34:26,1,5.25,5.25,37556
10:34:26,1,5.30,5.30,37556
10:34:28,1,5.33,5.33,37556
10:34:29,1,5.34,5.34,37556
10:34:30,1,5.35,5.35,37556
10:34:31,1,4.17,4.17,37556
10:34:32,1,4.50,4.50,37556
10:34:33,1,4.67,4.67,37556
10:34:34,1,4.84,4.84,37556
10:34:35,1,4.89,4.89,37556
10:34:36,1,4.99,4.99,37556
10:34:37,1,5.01,5.01,37556
10:34:38,1,5.09,5.09,37556
10:34:39,1,5.13,5.13,37556
10:34:40,1,5.20,5.20,37556
10:34:41,1,5.21,5.21,37556
10:34:43,1,5.23,5.23,37556
10:34:43,1,5.23,5.23,37556
10:34:45,1,5.25,5.25,37556
10:34:45,1,5.29,5.29,37556
10:34:47,1,5.30,5.30,37556
10:34:47,1,5.32,5.32,37556
10:34:49,1,5.34,5.34,37556
10:34:49,1,5.34,5.34,37556
10:34:51,1,4.21,4.21,37556
10:34:51,1,4.18,4.18,37556
10:34:53,1,4.71,4.71,37556
10:34:53,1,4.80,4.80,37556
10:34:55,1,4.96,4.96,37556
10:34:55,1,4.98,4.98,37556
10:34:57,1,5.12,5.12,37556
10:34:57,1,5.15,5.15,37556
10:34:59,1,5.23,5.23,37556
10:35:00,1,5.24,5.24,37556
10:35:01,1,5.26,5.26,37556
10:35:02,1,5.26,5.26,37556
10:35:03,1,5.33,5.33,37556
10:35:04,1,5.33,5.33,37556
10:35:05,1,5.36,5.36,37556
10:35:06,1,5.36,5.36,37556
10:35:07,1,5.46,5.46,37556
10:35:08,1,5.46,5.46,37556
10:35:10,1,5.98,5.98,37556
10:35:10,1,6.04,6.04,37556
10:35:12,1,6.20,6.20,37556
10:35:12,1,6.22,6.22,37556
10:35:14,1,6.35,6.35,37556
10:35:14,1,6.38,6.38,37556
10:35:16,1,6.48,6.48,37556
10:35:16,1,6.50,6.50,37556
10:35:18,1,6.52,6.52,37556
10:35:18,1,6.52,6.52,37556
10:35:20,1,6.58,6.58,37556
10:35:20,1,6.58,6.58,37556
10:35:22,1,6.62,6.62,37556
10:35:22,1,6.62,6.62,37556
10:35:24,1,6.73,6.73,37556
10:35:24,1,6.87,6.87,37556
10:35:26,1,7.29,7.29,37556
10:35:26,1,7.32,7.32,37556
10:35:28,1,7.46,7.46,37556
10:35:29,1,7.48,7.48,37556
10:35:30,1,7.61,7.61,37556
10:35:31,1,7.63,7.63,37556
10:35:32,1,7.72,7.72,37556
10:35:33,1,7.74,7.74,37556
10:35:34,1,7.77,7.77,37556
10:35:35,1,7.80,7.80,37556
10:35:37,1,7.85,7.85,37556
10:35:37,1,7.85,7.85,37556
10:35:39,1,7.91,7.91,37556
10:35:39,1,7.97,7.97,37556
10:35:41,1,8.03,8.03,37556
10:35:41,1,8.06,8.06,37556
10:35:43,1,7.98,7.98,37556
10:35:43,1,8.01,8.01,37556
10:35:45,1,8.01,8.01,37556
10:35:45,1,8.05,8.05,37556
10:35:47,1,8.06,8.06,37556
10:35:47,1,7.98,7.98,37556
10:35:49,1,8.05,8.05,37556
10:35:49,1,7.99,7.99,37556
10:35:51,1,8.06,8.06,37556
10:35:51,1,8.06,8.06,37556
10:35:53,1,8.08,8.08,37556
10:35:53,1,8.09,8.09,37556
10:35:55,1,8.04,8.04,37556
10:35:55,1,8.11,8.11,37556
10:35:57,1,8.07,8.07,37556
10:35:57,1,8.11,8.11,37556
10:35:59,1,8.08,8.08,37556
10:35:59,1,8.18,8.18,37556
10:36:01,1,8.04,8.04,37556
10:36:01,1,8.18,8.18,37556
10:36:03,1,8.09,8.09,37556
10:36:03,1,7.98,7.98,37556
10:36:05,1,8.46,8.46,37556
10:36:05,1,8.50,8.50,37556
10:36:07,1,8.68,8.68,37556
10:36:07,1,8.70,8.70,37556
10:36:09,1,8.83,8.83,37556
10:36:09,1,8.88,8.88,37556
10:36:11,1,8.99,8.99,37556
10:36:12,1,9.01,9.01,37556
10:36:13,1,9.04,9.04,37556
10:36:14,1,9.04,9.04,37556
10:36:15,1,9.11,9.11,37556
10:36:16,1,9.11,9.11,37556
10:36:17,1,9.14,9.14,37556
10:36:18,1,9.14,9.14,37556
10:36:19,1,8.00,8.00,37556
10:36:20,1,8.00,8.00,37556
10:36:21,1,8.49,8.49,37556
10:36:22,1,8.54,8.54,37556
10:36:24,1,8.67,8.67,37556
10:36:24,1,8.69,8.69,37556
10:36:26,1,8.81,8.81,37556
10:36:26,1,8.82,8.82,37556
10:36:28,1,8.96,8.96,37556
10:36:28,1,8.98,8.98,37556
10:36:30,1,9.03,9.03,37556
10:36:30,1,9.05,9.05,37556
10:36:32,1,9.11,9.11,37556
10:36:32,1,9.11,9.11,37556
10:36:34,1,9.15,9.15,37556
10:36:34,1,9.15,9.15,37556
10:36:36,1,7.99,7.99,37556
10:36:36,1,7.96,7.96,37556
10:36:38,1,8.47,8.47,37556
10:36:38,1,8.51,8.51,37556
10:36:40,1,8.63,8.63,37556
10:36:40,1,8.65,8.65,37556
10:36:42,1,8.77,8.77,37556
10:36:43,1,8.80,8.80,37556
10:36:44,1,8.94,8.94,37556
10:36:45,1,8.95,8.95,37556
10:36:46,1,9.02,9.02,37556
10:36:47,1,9.03,9.03,37556
10:36:48,1,9.05,9.05,37556
10:36:49,1,9.05,9.05,37556
10:36:51,1,9.13,9.13,37556
10:36:51,1,9.14,9.14,37556
10:36:53,1,8.21,8.21,37556
10:36:53,1,7.91,7.91,37556
10:36:55,1,7.90,7.90,37556
10:36:55,1,7.90,7.90,37556
10:36:57,1,7.91,7.91,37556
10:36:57,1,7.91,7.91,37556
10:36:59,1,7.91,7.91,37556
10:36:59,1,7.91,7.91,37556
10:37:01,1,7.90,7.90,37556
10:37:01,1,7.91,7.91,37556
10:37:03,1,7.91,7.91,37556
10:37:03,1,7.90,7.90,37556
10:37:05,1,7.91,7.91,37556
10:37:05,1,7.91,7.91,37556
10:37:07,1,7.90,7.90,37556
10:37:07,1,7.91,7.91,37556
10:37:09,1,7.91,7.91,37556
10:37:09,1,7.91,7.91,37556
10:37:11,1,7.91,7.91,37556
10:37:11,1,7.91,7.91,37556
10:37:13,1,4.38,4.38,37556
10:37:13,1,4.52,4.52,37556
10:37:15,1,4.79,4.79,37556
10:37:15,1,4.81,4.81,37556
10:37:17,1,4.94,4.94,37556
10:37:17,1,4.94,4.94,37556
10:37:19,1,5.05,5.05,37556
10:37:19,1,5.07,5.07,37556
10:37:21,1,5.17,5.17,37556
10:37:21,1,5.18,5.18,37556
10:37:23,1,5.21,5.21,37556
10:37:24,1,5.21,5.21,37556
10:37:25,1,5.22,5.22,37556
10:37:26,1,5.22,5.22,37556
10:37:27,1,5.28,5.28,37556
10:37:28,1,5.28,5.28,37556
10:37:29,1,5.32,5.32,37556
10:37:30,1,5.32,5.32,37556
10:37:31,1,4.20,4.20,37556
10:37:32,1,4.35,4.35,37556
10:37:33,1,4.74,4.74,37556
10:37:34,1,4.77,4.77,37556
10:37:36,1,4.87,4.87,37556
10:37:36,1,4.88,4.88,37556
10:37:38,1,5.00,5.00,37556
10:37:38,1,5.04,5.04,37556
10:37:40,1,5.17,5.17,37556
10:37:40,1,5.19,5.19,37556
10:37:42,1,5.22,5.22,37556
10:37:42,1,5.22,5.22,37556
10:37:44,1,5.29,5.29,37556
10:37:44,1,5.29,5.29,37556
10:37:46,1,5.33,5.33,37556
10:37:46,1,5.33,5.33,37556
10:37:48,1,4.21,4.21,37556
10:37:48,1,4.36,4.36,37556
10:37:50,1,4.78,4.78,37556
10:37:50,1,4.79,4.79,37556
10:37:52,1,4.92,4.92,37556
10:37:52,1,4.93,4.93,37556
10:37:54,1,5.05,5.05,37556
10:37:55,1,5.06,5.06,37556
10:37:56,1,5.14,5.14,37556
10:37:57,1,5.16,5.16,37556
10:37:58,1,5.20,5.20,37556
10:37:59,1,5.20,5.20,37556
10:38:01,1,5.22,5.22,37556
10:38:01,1,5.22,5.22,37556
10:38:03,1,5.29,5.29,37556
10:38:03,1,5.29,5.29,37556
10:38:05,1,5.32,5.32,37556
10:38:05,1,5.32,5.32,37556
10:38:07,1,4.08,4.08,37556
10:38:07,1,4.09,4.09,37556
10:38:09,1,4.09,4.09,37556
10:38:09,1,4.09,4.09,37556
10:38:11,1,4.10,4.10,37556
10:38:11,1,4.10,4.10,37556
10:38:13,1,4.10,4.10,37556
10:38:13,1,4.10,4.10,37556
10:38:15,1,4.11,4.11,37556
10:38:15,1,4.11,4.11,37556
10:38:17,1,4.10,4.10,37556
10:38:17,1,4.11,4.11,37556
10:38:19,1,4.10,4.10,37556
10:38:19,1,4.11,4.11,37556
10:38:21,1,4.10,4.10,37556
10:38:21,1,4.10,4.10,37556
10:38:23,1,4.10,4.10,37556
10:38:23,1,4.11,4.11,37556
10:38:25,1,4.10,4.10,37556
10:38:25,1,4.10,4.10,37556
10:38:27,1,4.11,4.11,37556
10:38:27,1,4.11,4.11,37556
10:38:29,1,4.09,4.09,37556
10:38:29,1,4.10,4.10,37556
10:38:31,1,4.09,4.09,37556
10:38:31,1,4.10,4.10,37556
10:38:33,1,4.11,4.11,37556
10:38:33,1,4.11,4.11,37556
10:38:35,1,4.10,4.10,37556
10:38:35,1,4.10,4.10,37556
10:38:37,1,4.10,4.10,37556
10:38:37,1,4.10,4.10,37556
10:38:39,1,4.10,4.10,37556
10:38:39,1,4.10,4.10,37556
10:38:41,1,4.10,4.10,37556
10:38:41,1,4.10,4.10,37556
10:38:43,1,4.10,4.10,37556
10:38:43,1,4.10,4.10,37556
10:38:45,1,4.10,4.10,37556
10:38:45,1,4.10,4.10,37556
10:38:47,1,4.10,4.10,37556
10:38:47,1,4.10,4.10,37556
10:38:49,1,4.10,4.10,37556
10:38:49,1,4.10,4.10,37556
10:38:51,1,4.10,4.10,37556
10:38:51,1,4.10,4.10,37556
10:38:53,1,4.10,4.10,37556
10:38:53,1,4.10,4.10,37556
10:38:55,1,4.10,4.10,37556
10:38:55,1,4.10,4.10,37556
10:38:57,1,4.10,4.10,37556
10:38:57,1,4.10,4.10,37556
10:38:59,1,4.10,4.10,37556
10:38:59,1,4.10,4.10,37556
10:39:01,1,4.10,4.10,37556
10:39:01,1,4.11,4.11,37556
10:39:03,1,4.10,4.10,37556
10:39:03,1,4.10,4.10,37556
10:39:05,1,4.10,4.10,37556
10:39:05,1,4.10,4.10,37556
10:39:07,1,4.10,4.10,37556
10:39:07,1,4.10,4.10,37556
10:39:09,1,4.10,4.10,37556
10:39:09,1,4.10,4.10,37556
10:39:11,1,4.10,4.10,37556
10:39:11,1,4.10,4.10,37556
10:39:13,1,4.10,4.10,37556
10:39:13,1,4.10,4.10,37556
10:39:15,1,4.10,4.10,37556
10:39:15,1,4.10,4.10,37556
10:39:17,1,4.10,4.10,37556
10:39:18,1,4.10,4.10,37556
10:39:19,1,4.10,4.10,37556
10:39:20,1,4.10,4.10,37556
10:39:21,1,4.10,4.10,37556
10:39:22,1,4.10,4.10,37556
10:39:23,1,4.10,4.10,37556
10:39:24,1,4.10,4.10,37556
10:39:25,1,4.10,4.10,37556
10:39:26,1,4.10,4.10,37556
10:39:27,1,4.10,4.10,37556
10:39:28,1,4.10,4.10,37556
10:39:29,1,4.10,4.10,37556
10:39:30,1,4.10,4.10,37556
10:39:32,1,4.10,4.10,37556
10:39:32,1,4.10,4.10,37556
10:39:34,1,4.10,4.10,37556
10:39:34,1,4.10,4.10,37556
10:39:36,1,4.10,4.10,37556
10:39:36,1,4.10,4.10,37556
10:39:38,1,4.10,4.10,37556
10:39:38,1,4.10,4.10,37556
10:39:40,1,4.10,4.10,37556
10:39:40,1,4.10,4.10,37556
10:39:42,1,4.10,4.10,37556
10:39:42,1,4.10,4.10,37556
10:39:44,1,4.10,4.10,37556
10:39:44,1,4.10,4.10,37556
10:39:46,1,4.10,4.10,37556
10:39:46,1,4.10,4.10,37556
10:39:48,1,4.11,4.11,37556
10:39:48,1,4.10,4.10,37556
10:39:50,1,4.10,4.10,37556
10:39:50,1,4.10,4.10,37556
10:39:52,1,4.10,4.10,37556
10:39:52,1,4.10,4.10,37556
10:39:54,1,4.11,4.11,37556
10:39:54,1,4.11,4.11,37556
10:39:56,1,4.10,4.10,37556
10:39:56,1,4.10,4.10,37556
10:39:58,1,4.10,4.10,37556
10:39:58,1,4.08,4.08,37556
10:40:00,1,4.53,4.53,37556
10:40:00,1,4.56,4.56,37556
10:40:02,1,4.77,4.77,37556
10:40:02,1,4.80,4.80,37556
10:40:04,1,4.93,4.93,37556
10:40:04,1,4.93,4.93,37556
10:40:06,1,5.05,5.05,37556
10:40:06,1,5.06,5.06,37556
10:40:08,1,5.13,5.13,37556
10:40:08,1,5.15,5.15,37556
10:40:10,1,5.18,5.18,37556
10:40:10,1,5.18,5.18,37556
10:40:12,1,5.18,5.18,37556
10:40:12,1,5.18,5.18,37556
10:40:14,1,5.25,5.25,37556
10:40:14,1,5.25,5.25,37556
10:40:16,1,5.28,5.28,37556
10:40:16,1,5.28,5.28,37556
10:40:18,1,5.29,5.29,37556
10:40:18,1,5.29,5.29,37556
10:40:20,1,4.46,4.46,37556
10:40:20,1,4.49,4.49,37556
10:40:22,1,4.77,4.77,37556
10:40:25,1,4.89,4.89,37556
10:40:27,1,5.00,5.00,37556
10:40:29,1,5.13,5.13,37556
10:40:31,1,5.17,5.17,37556
10:40:33,1,5.19,5.19,37556
10:40:35,1,5.26,5.26,37556
10:40:35,1,5.26,5.26,37556
10:40:37,1,5.28,5.28,37556
10:40:37,1,5.29,5.29,37556
10:40:39,1,4.13,4.13,37556
10:40:39,1,4.14,4.14,37556
10:40:41,1,4.59,4.59,37556
10:40:41,1,4.64,4.64,37556
10:40:43,1,4.82,4.82,37556
10:40:43,1,4.85,4.85,37556
10:40:45,1,4.98,4.98,37556
10:40:45,1,5.03,5.03,37556
10:40:47,1,5.13,5.13,37556
10:40:47,1,5.13,5.13,37556
10:40:49,1,5.17,5.17,37556
10:40:49,1,5.17,5.17,37556
10:40:51,1,5.18,5.18,37556
10:40:51,1,5.19,5.19,37556
10:40:53,1,5.20,5.20,37556
10:40:54,1,5.25,5.25,37556
10:40:55,1,5.26,5.26,37556
10:40:56,1,5.28,5.28,37556
10:40:57,1,5.29,5.29,37556
10:40:58,1,5.30,5.30,37556
10:40:59,1,4.14,4.14,37556
10:41:00,1,4.11,4.11,37556
10:41:01,1,4.64,4.64,37556
10:41:02,1,4.67,4.67,37556
10:41:03,1,4.80,4.80,37556
10:41:04,1,4.83,4.83,37556
10:41:06,1,4.92,4.92,37556
10:41:06,1,4.92,4.92,37556
10:41:08,1,5.04,5.04,37556
10:41:08,1,5.07,5.07,37556
10:41:10,1,5.16,5.16,37556
10:41:10,1,5.17,5.17,37556
10:41:12,1,5.19,5.19,37556
10:41:12,1,5.20,5.20,37556
10:41:14,1,5.26,5.26,37556
10:41:14,1,5.26,5.26,37556
10:41:16,1,5.30,5.30,37556
10:41:16,1,5.30,5.30,37556
10:41:18,1,4.32,4.32,37556
10:41:18,1,4.42,4.42,37556
10:41:20,1,4.76,4.76,37556
10:41:20,1,4.78,4.78,37556
10:41:22,1,4.94,4.94,37556
10:41:22,1,4.94,4.94,37556
10:41:24,1,5.05,5.05,37556
10:41:24,1,5.07,5.07,37556
10:41:26,1,5.14,5.14,37556
10:41:26,1,5.14,5.14,37556
10:41:28,1,5.17,5.17,37556
10:41:28,1,5.17,5.17,37556
10:41:30,1,5.19,5.19,37556
10:41:31,1,5.19,5.19,37556
10:41:32,1,5.26,5.26,37556
10:41:33,1,5.26,5.26,37556
10:41:35,1,5.30,5.30,37556
10:41:35,1,5.30,5.30,37556
10:41:37,1,4.15,4.15,37556
10:41:37,1,4.13,4.13,37556
10:41:39,1,4.67,4.67,37556
10:41:39,1,4.69,4.69,37556
10:41:41,1,4.83,4.83,37556
10:41:41,1,4.83,4.83,37556
10:41:43,1,4.96,4.96,37556
10:41:43,1,4.97,4.97,37556
10:41:45,1,5.07,5.07,37556
10:41:45,1,5.08,5.08,37556
10:41:47,1,5.14,5.14,37556
10:41:47,1,5.14,5.14,37556
10:41:49,1,5.16,5.16,37556
10:41:49,1,5.17,5.17,37556
10:41:51,1,5.19,5.19,37556
10:41:51,1,5.19,5.19,37556
10:41:53,1,5.26,5.26,37556
10:41:53,1,5.26,5.26,37556
10:41:55,1,5.30,5.30,37556
10:41:55,1,5.30,5.30,37556
10:41:57,1,4.19,4.19,37556
10:41:57,1,4.19,4.19,37556
10:41:59,1,4.27,4.27,37556
10:41:59,1,4.27,4.27,37556
10:42:01,1,4.27,4.27,37556
10:42:02,1,4.27,4.27,37556
10:42:04,1,4.22,4.22,37556
10:42:04,1,4.22,4.22,37556
10:42:06,1,4.22,4.22,37556
10:42:06,1,4.27,4.27,37556
10:42:08,1,4.28,4.28,37556
10:42:08,1,4.22,4.22,37556
10:42:10,1,4.22,4.22,37556
10:42:10,1,4.26,4.26,37556
10:42:12,1,4.28,4.28,37556
10:42:12,1,4.24,4.24,37556
10:42:14,1,4.29,4.29,37556
10:42:14,1,4.31,4.31,37556
10:42:16,1,4.31,4.31,37556
10:42:16,1,4.24,4.24,37556
10:42:18,1,4.28,4.28,37556
10:42:18,1,4.31,4.31,37556
10:42:20,1,4.28,4.28,37556
10:42:20,1,4.23,4.23,37556
10:42:22,1,4.13,4.13,37556
10:42:22,1,4.13,4.13,37556
10:42:24,1,4.14,4.14,37556
10:42:26,1,4.13,4.13,37556
10:42:26,1,4.13,4.13,37556
10:42:28,1,4.13,4.13,37556
10:42:28,1,4.13,4.13,37556
10:42:30,1,4.13,4.13,37556
10:42:30,1,4.13,4.13,37556
10:42:32,1,4.13,4.13,37556
10:42:32,1,4.13,4.13,37556
10:42:34,1,4.13,4.13,37556
10:42:34,1,4.13,4.13,37556
10:42:36,1,4.12,4.12,37556
10:42:36,1,4.14,4.14,37556
10:42:38,1,4.13,4.13,37556
10:42:38,1,4.13,4.13,37556
10:42:40,1,4.13,4.13,37556
10:42:40,1,4.13,4.13,37556
10:42:42,1,4.13,4.13,37556
10:42:42,1,4.12,4.12,37556
10:42:44,1,4.13,4.13,37556
10:42:44,1,4.13,4.13,37556
10:42:46,1,4.12,4.12,37556
10:42:46,1,4.13,4.13,37556
10:42:48,1,4.13,4.13,37556
10:42:48,1,4.13,4.13,37556
10:42:50,1,4.13,4.13,37556
10:42:50,1,4.13,4.13,37556
10:42:52,1,4.13,4.13,37556
10:42:52,1,4.13,4.13,37556
10:42:54,1,4.13,4.13,37556
10:42:54,1,4.13,4.13,37556
10:42:56,1,4.13,4.13,37556
10:42:56,1,4.13,4.13,37556
10:42:58,1,4.14,4.14,37556
10:42:58,1,4.13,4.13,37556
10:43:00,1,4.13,4.13,37556
10:43:00,1,4.13,4.13,37556
10:43:02,1,4.14,4.14,37556
10:43:02,1,4.13,4.13,37556
10:43:04,1,4.13,4.13,37556
10:43:04,1,4.13,4.13,37556
10:43:06,1,4.13,4.13,37556
10:43:06,1,4.13,4.13,37556
10:43:08,1,4.14,4.14,37556
10:43:08,1,4.13,4.13,37556
10:43:10,1,4.13,4.13,37556
10:43:10,1,4.13,4.13,37556
10:43:12,1,4.13,4.13,37556
10:43:12,1,4.12,4.12,37556
10:43:14,1,4.13,4.13,37556
10:43:14,1,4.13,4.13,37556
10:43:16,1,4.13,4.13,37556
10:43:16,1,4.13,4.13,37556
10:43:18,1,4.13,4.13,37556
10:43:18,1,4.13,4.13,37556
10:43:20,1,4.13,4.13,37556
10:43:20,1,4.13,4.13,37556
10:43:22,1,4.13,4.13,37556
10:43:22,1,4.13,4.13,37556
10:43:24,1,4.13,4.13,37556
10:43:24,1,4.14,4.14,37556
10:43:26,1,4.13,4.13,37556
10:43:26,1,4.13,4.13,37556
10:43:28,1,4.13,4.13,37556
10:43:28,1,4.13,4.13,37556
10:43:30,1,4.13,4.13,37556
10:43:31,1,4.14,4.14,37556
10:43:32,1,4.13,4.13,37556
10:43:33,1,4.13,4.13,37556
10:43:34,1,4.13,4.13,37556
10:43:35,1,4.13,4.13,37556
10:43:37,1,4.13,4.13,37556
10:43:37,1,4.13,4.13,37556
10:43:39,1,4.13,4.13,37556
10:43:39,1,4.13,4.13,37556
10:43:41,1,4.13,4.13,37556
10:43:41,1,4.13,4.13,37556
10:43:43,1,4.13,4.13,37556
10:43:43,1,4.13,4.13,37556
10:43:45,1,4.13,4.13,37556
10:43:45,1,4.13,4.13,37556
10:43:47,1,4.13,4.13,37556
10:43:47,1,4.13,4.13,37556
10:43:49,1,4.14,4.14,37556
10:43:49,1,4.13,4.13,37556
10:43:51,1,4.13,4.13,37556
10:43:51,1,4.14,4.14,37556
10:43:53,1,4.13,4.13,37556
10:43:53,1,4.13,4.13,37556
10:43:55,1,4.12,4.12,37556
10:43:55,1,4.13,4.13,37556
10:43:57,1,4.13,4.13,37556
10:43:57,1,4.14,4.14,37556
10:43:59,1,4.13,4.13,37556
10:43:59,1,4.13,4.13,37556
10:44:01,1,4.13,4.13,37556
10:44:01,1,4.13,4.13,37556
10:44:03,1,4.13,4.13,37556
10:44:03,1,4.13,4.13,37556
10:44:05,1,4.14,4.14,37556
10:44:05,1,4.13,4.13,37556
10:44:07,1,4.13,4.13,37556
10:44:07,1,4.13,4.13,37556
10:44:09,1,4.14,4.14,37556
10:44:09,1,4.13,4.13,37556
10:44:11,1,4.13,4.13,37556
10:44:11,1,4.13,4.13,37556
10:44:13,1,4.13,4.13,37556
10:44:13,1,4.13,4.13,37556
10:44:15,1,4.13,4.13,37556
10:44:15,1,4.13,4.13,37556
10:44:17,1,4.13,4.13,37556
10:44:17,1,4.13,4.13,37556
10:44:19,1,4.13,4.13,37556
10:44:19,1,4.15,4.15,37556
10:44:21,1,4.66,4.66,37556
10:44:21,1,4.67,4.67,37556
10:44:23,1,4.86,4.86,37556
10:44:23,1,4.86,4.86,37556
10:44:25,1,4.98,4.98,37556
10:44:25,1,4.98,4.98,37556
10:44:27,1,5.10,5.10,37556
10:44:27,1,5.11,5.11,37556
10:44:29,1,5.19,5.19,37556
10:44:29,1,5.19,5.19,37556
10:44:31,1,5.21,5.21,37556
10:44:31,1,5.21,5.21,37556
10:44:33,1,5.27,5.27,37556
10:44:34,1,5.27,5.27,37556
10:44:36,1,5.30,5.30,37556
10:44:36,1,5.30,5.30,37556
10:44:38,1,4.16,4.16,37556
10:44:38,1,4.16,4.16,37556
10:44:40,1,4.74,4.74,37556
10:44:40,1,4.74,4.74,37556
10:44:42,1,4.92,4.92,37556
10:44:42,1,4.92,4.92,37556
10:44:44,1,5.07,5.07,37556
10:44:44,1,5.07,5.07,37556
10:44:46,1,5.17,5.17,37556
10:44:46,1,5.17,5.17,37556
10:44:48,1,5.21,5.21,37556
10:44:48,1,5.21,5.21,37556
10:44:50,1,5.27,5.27,37556
10:44:50,1,5.27,5.27,37556
10:44:52,1,5.31,5.31,37556
10:44:52,1,5.31,5.31,37556
10:44:54,1,4.51,4.51,37556
10:44:54,1,4.53,4.53,37556
10:44:56,1,4.77,4.77,37556
10:44:56,1,4.77,4.77,37556
10:44:58,1,4.91,4.91,37556
10:44:58,1,4.91,4.91,37556
10:45:00,1,5.00,5.00,37556
10:45:00,1,5.01,5.01,37556
10:45:02,1,5.10,5.10,37556
10:45:02,1,5.10,5.10,37556
10:45:04,1,5.15,5.15,37556
10:45:05,1,5.15,5.15,37556
10:45:06,1,5.19,5.19,37556
10:45:07,1,5.19,5.19,37556
10:45:09,1,5.21,5.21,37556
10:45:09,1,5.21,5.21,37556
10:45:11,1,5.27,5.27,37556
10:45:11,1,5.27,5.27,37556
10:45:13,1,5.30,5.30,37556
10:45:13,1,5.30,5.30,37556
10:45:15,1,4.06,4.06,37556
10:45:15,1,4.05,4.05,37556
10:45:17,1,4.58,4.58,37556
10:45:17,1,4.60,4.60,37556
10:45:19,1,4.79,4.79,37556
10:45:19,1,4.80,4.80,37556
10:45:21,1,4.95,4.95,37556
10:45:21,1,4.95,4.95,37556
10:45:23,1,5.07,5.07,37556
10:45:23,1,5.08,5.08,37556
10:45:25,1,5.16,5.16,37556
10:45:25,1,5.17,5.17,37556
10:45:27,1,5.18,5.18,37556
10:45:27,1,5.18,5.18,37556
10:45:29,1,5.25,5.25,37556
10:45:29,1,5.25,5.25,37556
10:45:31,1,5.28,5.28,37556
10:45:31,1,5.28,5.28,37556
10:45:33,1,5.30,5.30,37556
10:45:33,1,5.30,5.30,37556
10:45:35,1,4.46,4.46,37556
10:45:35,1,4.51,4.51,37556
10:45:37,1,4.79,4.79,37556
10:45:38,1,4.82,4.82,37556
10:45:39,1,4.96,4.96,37556
10:45:40,1,4.97,4.97,37556
10:45:42,1,5.11,5.11,37556
10:45:42,1,5.11,5.11,37556
10:45:44,1,5.17,5.17,37556
10:45:44,1,5.17,5.17,37556
10:45:46,1,5.20,5.20,37556
10:45:46,1,5.20,5.20,37556
10:45:48,1,5.26,5.26,37556
10:45:48,1,5.26,5.26,37556
10:45:50,1,5.29,5.29,37556
10:45:50,1,5.30,5.30,37556
10:45:52,1,4.15,4.15,37556
10:45:52,1,4.15,4.15,37556
10:45:54,1,4.68,4.68,37556
10:45:54,1,4.70,4.70,37556
10:45:56,1,4.90,4.90,37556
10:45:56,1,4.90,4.90,37556
10:45:58,1,5.04,5.04,37556
10:45:58,1,5.05,5.05,37556
10:46:00,1,5.17,5.17,37556
10:46:00,1,5.17,5.17,37556
10:46:02,1,5.21,5.21,37556
10:46:02,1,5.21,5.21,37556
10:46:04,1,5.29,5.29,37556
10:46:05,1,5.29,5.29,37556
10:46:06,1,4.19,4.19,37556
10:46:07,1,4.19,4.19,37556
10:46:08,1,4.27,4.27,37556
10:46:09,1,4.27,4.27,37556
10:46:11,1,4.27,4.27,37556
10:46:11,1,4.27,4.27,37556
10:46:13,1,4.28,4.28,37556
10:46:13,1,4.28,4.28,37556
10:46:15,1,4.28,4.28,37556
10:46:15,1,4.28,4.28,37556
10:46:17,1,4.29,4.29,37556
10:46:17,1,4.29,4.29,37556
10:46:19,1,4.29,4.29,37556
10:46:19,1,4.26,4.26,37556
10:46:21,1,4.25,4.25,37556
10:46:21,1,4.21,4.21,37556
10:46:23,1,4.25,4.25,37556
10:46:23,1,4.26,4.26,37556
10:46:25,1,4.23,4.23,37556
10:46:25,1,4.31,4.31,37556
10:46:27,1,4.24,4.24,37556
10:46:27,1,4.27,4.27,37556
10:46:29,1,4.12,4.12,37556
10:46:29,1,4.12,4.12,37556
10:46:31,1,4.14,4.14,37556
10:46:31,1,4.13,4.13,37556
10:46:33,1,4.59,4.59,37556
10:46:33,1,4.59,4.59,37556
10:46:35,1,4.87,4.87,37556
10:46:35,1,4.89,4.89,37556
10:46:37,1,5.02,5.02,37556
10:46:37,1,5.02,5.02,37556
10:46:39,1,5.17,5.17,37556
10:46:39,1,5.17,5.17,37556
10:46:41,1,5.24,5.24,37556
10:46:41,1,5.24,5.24,37556
10:46:43,1,5.31,5.31,37556
10:46:43,1,5.31,5.31,37556
10:46:45,1,5.35,5.35,37556
10:46:45,1,5.35,5.35,37556
10:46:47,1,4.66,4.66,37556
10:46:49,1,4.94,4.94,37556
10:46:52,1,5.11,5.11,37556
10:46:54,1,5.22,5.22,37556
10:46:56,1,5.25,5.25,37556
10:46:58,1,5.32,5.32,37556
10:47:01,1,5.35,5.35,37556
10:47:02,1,4.19,4.19,37556
10:47:03,1,4.42,4.42,37556
10:47:04,1,4.75,4.75,37556
10:47:05,1,4.83,4.83,37556
10:47:06,1,4.95,4.95,37556
10:47:07,1,5.00,5.00,37556
10:47:08,1,5.10,5.10,37556
10:47:09,1,5.17,5.17,37556
10:47:10,1,5.21,5.21,37556
10:47:11,1,5.22,5.22,37556
10:47:12,1,5.24,5.24,37556
10:47:13,1,5.25,5.25,37556
10:47:14,1,5.30,5.30,37556
10:47:15,1,5.33,5.33,37556
10:47:16,1,5.34,5.34,37556
10:47:17,1,4.66,4.66,37556
10:47:18,1,4.09,4.09,37556
10:47:19,1,0.79,0.79,37556
10:47:20,1,0.02,0.02,18288
10:47:21,1,0.03,0.03,18288
10:47:22,1,0.08,0.08,18288
10:47:23,1,0.09,0.09,18288
10:47:24,1,0.12,0.12,18288
10:47:25,1,0.15,0.15,18288
10:47:26,1,0.19,0.19,18288
10:47:27,1,0.24,0.24,18288
10:47:29,1,0.60,0.60,18288
10:47:29,1,0.83,0.83,18288
10:47:31,1,0.99,0.99,18288
10:47:31,1,1.08,1.08,18288
10:47:33,1,1.16,1.16,18288
10:47:33,1,1.19,1.19,18288
10:47:35,1,1.27,1.27,18288
10:47:35,1,1.32,1.32,18288
10:47:37,1,1.36,1.36,18288
10:47:38,1,1.38,1.38,18288
10:47:39,1,1.42,1.42,18288
10:47:40,1,1.43,1.43,18288
10:47:41,1,1.43,1.43,18288
10:47:42,1,1.48,1.48,18288
10:47:43,1,1.53,1.53,18288
10:47:44,1,1.53,1.53,18288
10:47:45,1,1.63,1.63,18288
10:47:46,1,1.60,1.60,18288
10:47:47,1,0.84,0.84,18288
10:47:48,1,0.93,0.93,18288
10:47:49,1,1.06,1.06,18288
10:47:50,1,1.10,1.10,18288
10:47:51,1,1.21,1.21,18288
10:47:52,1,1.27,1.27,18288
10:47:54,1,1.36,1.36,18288
10:47:54,1,1.39,1.39,18288
10:47:56,1,1.43,1.43,18288
10:47:56,1,1.44,1.44,18288
10:47:58,1,1.50,1.50,18288
10:47:58,1,1.51,1.51,18288
10:48:00,1,1.54,1.54,18288
10:48:01,1,1.55,1.55,18288
10:48:02,1,0.52,0.52,18288
10:48:03,1,0.83,0.83,18288
10:48:04,1,1.04,1.04,18288
10:48:05,1,1.10,1.10,18288
10:48:06,1,1.20,1.20,18288
10:48:07,1,1.24,1.24,18288
10:48:08,1,1.33,1.33,18288
10:48:09,1,1.36,1.36,18288
10:48:10,1,1.43,1.43,18288
10:48:11,1,1.43,1.43,18288
10:48:12,1,1.45,1.45,18288
10:48:13,1,1.45,1.45,18288
10:48:14,1,1.51,1.51,18288
10:48:15,1,1.51,1.51,18288
10:48:16,1,1.55,1.55,18288
10:48:17,1,1.55,1.55,18288
10:48:19,1,0.31,0.31,18288
10:48:19,4,0.30,0.27,18288
10:48:21,4,0.35,0.27,18288
10:48:21,4,0.36,0.27,18288
10:48:23,4,0.40,0.27,18288
10:48:23,4,0.42,0.27,18288
10:48:25,4,0.48,0.27,18288
10:48:25,4,0.51,0.27,18288
10:48:27,4,0.59,0.27,18288
10:48:27,4,0.63,0.27,18288
10:48:29,4,0.69,0.27,18288
10:48:29,4,0.71,0.27,18288
10:48:31,4,0.76,0.27,18288
10:48:31,4,0.79,0.27,18288
10:48:33,4,0.83,0.27,18288
10:48:33,4,0.86,0.27,18288
10:48:35,4,1.24,0.33,18648
10:48:35,4,1.38,0.38,18648
10:48:37,4,2.31,0.72,29024
10:48:37,4,2.50,0.80,29024
10:48:39,4,2.77,0.88,29024
10:48:40,4,2.89,0.92,29024
10:48:41,4,3.11,0.98,29024
10:48:42,4,3.17,1.01,29024
10:48:43,4,3.32,1.05,29024
10:48:44,4,3.37,1.06,29024
10:48:45,4,3.51,1.11,29024
10:48:46,4,3.56,1.14,29024
10:48:47,4,3.68,1.15,29024
10:48:48,4,3.72,1.17,29024
10:48:49,4,3.83,1.22,29024
10:48:50,4,3.89,1.23,29024
10:48:51,4,3.96,1.27,29024
10:48:52,4,4.02,1.29,29024
10:48:53,4,4.10,1.30,29024
10:48:54,4,4.12,1.31,29024
10:48:56,4,4.20,1.32,29024
10:48:56,4,4.21,1.34,29024
10:48:58,4,4.29,1.36,29024
10:48:58,4,4.34,1.37,29024
10:49:00,4,4.40,1.40,29024
10:49:00,4,4.44,1.42,29024
10:49:02,4,4.50,1.44,29024
10:49:02,4,4.54,1.45,29024
10:49:04,4,4.59,1.46,29024
10:49:05,4,4.61,1.47,29024
10:49:06,4,4.66,1.48,29024
10:49:07,4,4.67,1.48,29024
10:49:08,4,4.69,1.47,29024
10:49:09,4,4.69,1.48,18648
10:49:10,4,5.13,1.62,29024
10:49:11,4,5.13,1.62,29024
10:49:12,4,5.10,1.62,29024
10:49:13,4,5.20,1.66,29024
10:49:14,4,5.34,1.69,18648
10:49:15,4,5.34,1.69,18648
10:49:16,4,5.31,1.69,18648
10:49:17,4,5.22,1.70,32748
10:49:18,4,5.30,1.69,29024
10:49:19,4,5.35,1.70,18648
10:49:20,4,5.28,1.70,18648
10:49:21,4,5.28,1.70,32748
10:49:22,4,5.36,1.70,32748
10:49:23,4,5.27,1.70,29024
10:49:24,4,4.97,1.70,18648
10:49:25,4,4.89,1.62,18648
10:49:26,4,4.79,1.52,29024
10:49:27,4,4.82,1.52,18648
10:49:28,4,4.82,1.52,32748
10:49:29,4,4.82,1.52,29024
10:49:30,4,4.82,1.52,18648
10:49:31,4,4.83,1.52,18648
10:49:32,4,4.82,1.52,29024
10:49:33,4,4.83,1.52,29024
10:49:34,4,4.81,1.52,18648
10:49:35,4,4.79,1.50,29024
10:49:36,4,4.82,1.52,32748
10:49:37,4,4.84,1.53,32748
10:49:38,4,4.84,1.52,29024
10:49:39,4,4.86,1.53,18648
10:49:41,4,4.82,1.52,18648
10:49:41,4,4.84,1.52,18648
10:49:43,4,4.83,1.52,29024
10:49:43,4,4.82,1.52,29024
10:49:45,4,4.85,1.53,29024
10:49:45,4,4.83,1.52,29024
10:49:47,4,4.82,1.52,32748
10:49:47,4,4.86,1.53,18648
10:49:49,4,4.84,1.52,29024
10:49:49,4,4.84,1.53,18648
10:49:51,4,4.83,1.52,18648
10:49:51,4,4.85,1.53,32748
10:49:53,4,4.83,1.52,29024
10:49:53,4,4.84,1.52,29024
10:49:55,4,4.85,1.53,32748
10:49:55,4,4.83,1.52,29024
10:49:57,4,4.84,1.52,29024
10:49:58,4,4.83,1.52,29024
10:49:59,4,4.84,1.53,32748
10:50:00,4,4.83,1.52,29024
10:50:01,4,4.83,1.53,29024
10:50:02,4,4.83,1.52,29024
10:50:03,4,4.86,1.53,32748
10:50:04,4,4.85,1.52,32748
10:50:05,4,4.86,1.53,18648
10:50:06,4,4.85,1.52,32748
10:50:07,4,4.85,1.53,18648
10:50:08,4,4.83,1.52,29024
10:50:09,4,4.81,1.52,18648
10:50:10,4,4.83,1.52,29024
10:50:11,4,4.85,1.53,29024
10:50:12,4,4.84,1.52,18648
10:50:13,4,4.84,1.52,29024
10:50:14,4,4.84,1.53,18648
10:50:15,4,4.82,1.52,18648
10:50:16,4,4.85,1.53,18648
10:50:17,4,4.83,1.52,29024
10:50:18,4,4.84,1.52,29024
10:50:19,4,4.84,1.53,18648
10:50:20,4,4.84,1.52,29024
10:50:21,4,4.84,1.52,29024
10:50:22,4,4.85,1.53,18648
10:50:23,4,4.85,1.53,29024
10:50:24,4,4.85,1.53,32748
10:50:25,4,4.84,1.52,29024
10:50:26,4,4.83,1.53,29024
10:50:27,4,4.84,1.52,18648
10:50:28,4,4.84,1.52,18648
10:50:29,4,4.84,1.52,18648
10:50:30,4,4.84,1.52,29024
10:50:31,4,4.83,1.52,29024
10:50:32,4,4.84,1.52,18648
10:50:33,4,4.83,1.52,18648
10:50:34,4,4.84,1.52,18648
10:50:36,4,4.83,1.52,29024
10:50:36,4,4.84,1.52,29024
10:50:38,4,4.83,1.52,29024
10:50:38,4,4.85,1.53,29024
10:50:40,4,4.83,1.53,18648
10:50:40,4,4.99,1.57,29024
10:50:42,4,5.68,1.83,18648
10:50:42,4,5.98,1.94,18648
10:50:44,4,6.38,2.06,18648
10:50:44,4,6.48,2.10,18648
10:50:46,4,6.69,2.18,18648
10:50:46,4,6.77,2.20,18648
10:50:48,4,6.90,2.25,18648
10:50:48,4,6.99,2.28,18648
10:50:50,4,7.09,2.32,18648
10:50:51,4,7.14,2.35,18648
10:50:52,4,7.27,2.38,18648
10:50:53,4,7.32,2.38,18648
10:50:54,4,7.40,2.41,18648
10:50:55,4,7.44,2.43,18648
10:50:56,4,7.54,2.46,18648
10:50:57,4,7.58,2.46,18648
10:50:58,4,7.67,2.49,18648
10:50:59,4,7.70,2.50,18648
10:51:00,4,7.78,2.52,18648
10:51:01,4,7.82,2.54,18648
10:51:02,4,7.86,2.54,18648
10:51:03,4,7.89,2.55,18648
10:51:04,4,7.97,2.59,18648
10:51:05,4,7.99,2.60,18648
10:51:06,4,8.07,2.61,18648
10:51:07,4,8.10,2.63,18648
10:51:09,4,8.18,2.66,18648
10:51:09,4,8.21,2.68,18648
10:51:11,4,8.27,2.69,18648
10:51:11,4,8.29,2.69,18648
10:51:13,4,8.33,2.70,18648
10:51:13,4,8.35,2.70,18648
10:51:15,4,7.14,2.70,29024
10:51:15,4,7.15,2.71,29024
10:51:17,4,5.94,2.71,32748
10:51:17,4,4.72,1.49,29024
10:51:19,4,5.15,1.63,29024
10:51:19,4,5.15,1.63,29024
10:51:21,4,5.19,1.65,18648
10:51:21,4,5.36,1.76,32748
10:51:23,4,5.36,1.70,29024
10:51:24,4,5.36,1.70,29024
10:51:25,4,5.28,1.76,32748
10:51:26,4,5.32,1.71,18648
10:51:27,4,5.37,1.70,29024
10:51:28,4,5.35,1.70,29024
10:51:29,4,5.34,1.73,29024
10:51:30,4,5.32,1.70,29024
10:51:31,4,5.38,1.70,29024
10:51:32,4,5.34,1.70,18648
10:51:33,4,4.91,1.62,18648
10:51:34,4,4.82,1.52,18648
10:51:35,4,4.84,1.52,29024
10:51:36,4,4.83,1.52,29024
10:51:37,4,4.85,1.53,18648
10:51:38,4,4.84,1.52,29024
10:51:39,4,4.84,1.53,18648
10:51:40,4,4.84,1.53,29024
10:51:41,4,4.86,1.53,18648
10:51:42,4,4.86,1.53,29024
10:51:43,4,4.84,1.52,18648
10:51:44,4,4.85,1.52,32748
10:51:45,4,4.86,1.53,32748
10:51:46,4,4.85,1.53,32748
10:51:47,4,4.86,1.53,29024
10:51:48,4,4.85,1.53,18648
10:51:49,4,4.86,1.53,29024
10:51:50,4,4.83,1.52,29024
10:51:51,4,4.84,1.53,18648
10:51:52,4,4.83,1.52,29024
10:51:53,4,4.85,1.52,29024
10:51:54,4,4.85,1.53,18648
10:51:55,4,4.84,1.52,29024
10:51:56,4,4.85,1.52,29024
10:51:58,4,4.84,1.52,18648
10:51:58,4,4.84,1.52,18648
10:52:00,4,4.83,1.53,18648
10:52:00,4,4.85,1.53,18648
10:52:02,4,4.86,1.53,29024
10:52:02,4,4.82,1.52,29024
10:52:04,4,4.85,1.52,29024
10:52:04,4,4.86,1.53,29024
10:52:06,4,4.84,1.53,29024
10:52:06,4,4.85,1.52,29024
10:52:08,4,4.84,1.52,29024
10:52:08,4,4.85,1.52,29024
10:52:10,4,4.84,1.52,29024
10:52:10,4,4.82,1.52,18648
10:52:12,4,4.84,1.53,18648
10:52:12,4,4.84,1.52,29024
10:52:14,4,4.86,1.53,18648
10:52:14,4,4.86,1.53,18648
10:52:16,4,4.86,1.53,29024
10:52:16,4,4.85,1.53,29024
10:52:18,4,4.86,1.54,29024
10:52:18,4,4.85,1.52,29024
10:52:20,4,4.88,1.54,29024
10:52:20,4,4.86,1.53,18648
10:52:22,4,4.85,1.53,18648
10:52:22,4,4.84,1.52,32748
10:52:24,4,4.86,1.53,32748
10:52:24,4,4.84,1.52,29024
10:52:26,4,4.84,1.52,18648
10:52:27,4,4.84,1.52,29024
10:52:28,4,4.86,1.53,18648
10:52:29,4,4.83,1.53,18648
10:52:30,4,4.84,1.53,18648
10:52:31,4,4.84,1.52,29024
10:52:32,4,4.85,1.53,32748
10:52:33,4,4.85,1.53,29024
10:52:34,4,4.85,1.52,29024
10:52:35,4,4.85,1.53,18648
10:52:36,4,4.85,1.52,29024
10:52:37,4,4.85,1.53,32748
10:52:38,4,4.84,1.53,29024
10:52:39,4,4.81,1.52,29024
10:52:40,4,4.85,1.53,18648
10:52:41,4,4.85,1.53,32748
10:52:42,4,4.99,1.57,32748
10:52:43,4,5.01,1.58,29024
10:52:44,4,5.41,1.75,29024
10:52:45,4,5.77,1.86,29024
10:52:46,4,6.16,1.97,32748
10:52:47,4,6.28,2.02,29024
10:52:48,4,6.46,2.08,32748
10:52:49,4,6.53,2.12,32748
10:52:50,4,6.72,2.19,32748
10:52:51,4,6.80,2.22,32748
10:52:52,4,6.95,2.26,32748
10:52:53,4,7.00,2.28,32748
10:52:55,4,7.12,2.32,32748
10:52:55,4,7.19,2.33,32748
10:52:57,4,7.28,2.37,32748
10:52:57,4,7.33,2.37,32748
10:52:59,4,7.43,2.40,32748
10:52:59,4,7.47,2.42,32748
10:53:01,4,7.55,2.44,32748
10:53:02,4,7.59,2.46,32748
10:53:03,4,7.70,2.49,29024
10:53:04,4,7.73,2.51,32748
10:53:05,4,7.81,2.52,32748
10:53:06,4,7.84,2.53,32748
10:53:07,4,7.88,2.55,32748
10:53:08,4,7.93,2.56,32748
10:53:09,4,8.00,2.60,29024
10:53:10,4,8.02,2.61,29024
10:53:11,4,8.07,2.63,29024
10:53:12,4,8.13,2.65,29024
10:53:13,4,8.16,2.65,29024
10:53:14,4,8.20,2.67,29024
10:53:15,4,8.25,2.69,29024
10:53:16,4,8.27,2.69,29024
10:53:18,4,8.31,2.70,29024
10:53:18,4,8.34,2.70,29024
10:53:20,4,8.35,2.71,29024
10:53:20,5,8.38,2.71,29024
10:53:22,4,7.16,2.71,32748
10:53:22,4,6.21,2.70,18648
10:53:24,4,4.71,1.48,18648
10:53:24,4,5.10,1.62,29024
10:53:26,4,5.15,1.62,29024
10:53:26,4,5.15,1.62,29024
10:53:28,4,5.18,1.66,18648
10:53:28,4,5.12,1.63,32748
10:53:30,4,5.36,1.70,18648
10:53:31,4,5.36,1.70,18648
10:53:32,4,5.21,1.66,32748
10:53:33,4,5.36,1.76,18648
10:53:34,4,5.37,1.70,18648
10:53:35,4,5.37,1.70,18648
10:53:36,4,5.30,1.69,32748
10:53:37,4,5.19,1.66,18648
10:53:38,4,5.38,1.70,18648
10:53:39,4,5.38,1.70,18648
10:53:40,4,5.30,1.70,18648
10:53:41,4,5.29,1.70,29024
10:53:42,4,4.86,1.53,29024
10:53:43,4,4.86,1.53,18648
10:53:44,4,3.51,1.51,18648
10:53:45,3,2.01,1.51,18648
10:53:46,4,0.33,0.30,18288
10:53:47,4,0.35,0.30,18288
10:53:48,4,0.43,0.30,18288
10:53:49,4,0.46,0.30,18288
10:53:50,4,0.56,0.30,18288
10:53:51,4,0.60,0.30,18288
10:53:52,4,0.69,0.30,18288
10:53:53,4,0.74,0.30,18288
10:53:54,4,0.83,0.30,18288
10:53:55,4,0.86,0.30,18288
10:53:56,4,1.27,0.33,17724
10:53:57,4,1.32,0.37,17724
10:53:58,4,2.42,0.72,38848
10:53:59,4,2.57,0.77,38848
10:54:01,4,2.87,0.88,17724
10:54:01,4,2.96,0.91,17724
10:54:03,4,3.19,0.99,17724
10:54:03,4,3.26,1.01,17724
10:54:05,4,3.42,1.07,17724
10:54:05,4,3.50,1.10,17724
10:54:07,4,3.62,1.14,17724
10:54:07,4,3.65,1.14,17724
10:54:09,4,3.78,1.19,17724
10:54:09,4,3.81,1.20,17724
10:54:11,4,3.94,1.25,17724
10:54:12,4,3.97,1.26,17724
10:54:13,4,4.06,1.29,17724
10:54:14,4,4.10,1.30,17724
10:54:15,4,4.19,1.32,17724
10:54:16,4,4.23,1.33,17724
10:54:17,4,4.30,1.36,17724
10:54:18,4,4.33,1.37,17724
10:54:19,4,4.41,1.39,17724
10:54:20,4,4.45,1.42,17724
10:54:21,4,4.53,1.44,17724
10:54:22,4,4.55,1.44,17724
10:54:23,4,4.60,1.46,17724
10:54:24,4,4.62,1.46,17724
10:54:26,4,4.68,1.47,17724
10:54:26,4,4.69,1.47,17724
10:54:28,4,4.71,1.48,38848
10:54:28,4,4.71,1.48,37056
10:54:30,4,5.15,1.62,38848
10:54:30,4,5.15,1.62,38848
10:54:32,4,5.33,1.69,37056
10:54:32,4,5.36,1.69,38848
10:54:34,4,5.23,1.66,17724
10:54:34,4,5.45,1.73,37056
10:54:36,4,5.37,1.70,38848
10:54:36,4,5.31,1.69,17724
10:54:38,4,5.38,1.70,38848
10:54:38,4,5.38,1.70,38848
10:54:40,4,4.80,1.50,38848
10:54:40,4,4.87,1.53,37056
10:54:42,4,4.85,1.52,17724
10:54:42,4,4.87,1.53,37056
10:54:44,4,4.87,1.53,38848
10:54:44,4,4.86,1.52,37056
10:54:46,4,4.84,1.52,37056
10:54:46,4,4.88,1.53,37056
10:54:48,4,4.85,1.52,38848
10:54:48,4,4.84,1.52,37056
10:54:50,4,4.84,1.53,38848
10:54:50,4,4.82,1.52,38848
10:54:52,4,4.84,1.52,38848
10:54:53,4,4.84,1.53,38848
10:54:54,4,4.83,1.52,38848
10:54:55,4,4.84,1.52,38848
10:54:56,4,4.83,1.52,38848
10:54:57,4,4.84,1.52,37056
10:54:58,4,4.83,1.52,38848
10:54:59,4,4.84,1.52,37056
10:55:00,4,4.84,1.52,38848
10:55:01,4,4.85,1.52,38848
10:55:02,4,4.83,1.52,38848
10:55:03,4,4.84,1.52,37056
10:55:04,4,4.83,1.52,38848
10:55:05,4,4.84,1.52,37056
10:55:06,4,4.83,1.52,38848
10:55:07,4,4.84,1.52,37056
10:55:08,4,4.83,1.52,38848
10:55:09,4,4.84,1.52,37056
10:55:10,4,4.84,1.52,17724
10:55:11,4,4.84,1.52,37056
10:55:12,4,4.84,1.52,37056
10:55:13,4,4.84,1.52,17724
10:55:14,4,4.84,1.52,37056
10:55:15,4,4.82,1.53,37056
10:55:16,4,4.86,1.53,38848
10:55:17,4,4.87,1.53,38848
10:55:18,4,4.81,1.52,38848
10:55:19,4,4.83,1.52,38848
10:55:20,4,4.85,1.53,17724
10:55:21,4,4.82,1.52,38848
10:55:22,4,4.83,1.52,38848
10:55:23,4,4.84,1.52,37056
10:55:25,4,4.79,1.50,38848
10:55:25,4,4.86,1.53,17724
10:55:27,4,4.84,1.52,37056
10:55:27,4,4.83,1.52,37056
10:55:29,4,4.86,1.53,37056
10:55:29,4,4.85,1.53,38848
10:55:31,4,4.85,1.53,37056
10:55:31,4,4.83,1.52,38848
10:55:33,4,4.86,1.53,37056
10:55:33,4,4.84,1.52,17724
10:55:35,4,4.83,1.52,38848
10:55:35,4,4.84,1.52,37056
10:55:37,4,4.83,1.52,38848
10:55:37,4,4.84,1.52,38848
10:55:39,4,4.84,1.52,37056
10:55:39,4,4.86,1.53,37056
10:55:41,4,4.85,1.53,38848
10:55:41,4,4.85,1.53,37056
10:55:43,4,4.85,1.53,37056
10:55:43,4,4.83,1.52,38848
10:55:45,4,4.85,1.53,37056
10:55:45,4,4.83,1.52,17724
10:55:47,4,4.96,1.56,37056
10:55:47,4,5.65,1.80,37056
10:55:49,4,6.25,1.99,17724
10:55:49,4,6.37,2.04,37056
10:55:51,4,6.66,2.13,17724
10:55:52,4,6.77,2.17,17724
10:55:53,4,6.97,2.24,17724
10:55:54,4,7.02,2.25,17724
10:55:55,4,7.18,2.30,17724
10:55:56,4,7.22,2.32,38848
10:55:57,4,7.35,2.36,17724
10:55:58,4,7.40,2.37,17724
10:55:59,4,7.50,2.41,17724
10:56:00,4,7.54,2.43,17724
10:56:01,4,7.61,2.44,38848
10:56:02,4,7.68,2.47,17724
10:56:03,4,7.77,2.50,17724
10:56:04,4,7.81,2.51,17724
10:56:05,4,7.86,2.53,38848
10:56:06,4,7.89,2.54,17724
10:56:07,4,7.96,2.57,17724
10:56:08,4,8.01,2.59,17724
10:56:09,4,8.10,2.61,17724
10:56:10,4,8.12,2.63,17724
10:56:12,4,8.19,2.65,17724
10:56:12,4,8.23,2.65,17724
10:56:14,4,8.26,2.67,17724
10:56:14,4,8.30,2.67,38848
10:56:16,4,8.34,2.69,17724
10:56:16,4,8.35,2.69,38848
10:56:18,4,8.37,2.70,17724
10:56:19,4,8.39,2.70,17724
10:56:20,4,8.40,2.71,17724
10:56:21,4,8.41,2.71,38848
10:56:22,4,5.01,1.58,38848
10:56:23,4,5.15,1.62,37056
10:56:24,4,5.15,1.62,37056
10:56:25,4,5.13,1.64,37056
10:56:26,4,5.28,1.74,17724
10:56:27,4,5.37,1.70,17724
10:56:28,4,5.37,1.70,17724
10:56:29,4,5.30,1.67,37056
10:56:30,4,5.38,1.71,17724
10:56:31,4,5.38,1.70,17724
10:56:32,4,5.38,1.70,17724
10:56:33,4,5.18,1.65,37056
10:56:34,4,5.38,1.70,17724
10:56:35,4,5.38,1.70,17724
10:56:36,4,5.22,1.66,17724
10:56:37,4,4.84,1.52,17724
10:56:38,4,4.85,1.53,17724
10:56:39,4,4.85,1.53,17724
10:56:40,4,4.84,1.53,17724
10:56:41,4,4.87,1.53,38848
10:56:43,4,4.84,1.52,17724
10:56:43,4,4.86,1.53,17724
10:56:45,4,4.84,1.53,37056
10:56:45,4,4.85,1.52,17724
10:56:47,4,4.84,1.52,17724
10:56:47,4,4.86,1.53,37056
10:56:49,4,4.85,1.52,17724
10:56:49,4,4.86,1.53,37056
10:56:51,4,4.83,1.52,37056
10:56:51,4,4.87,1.53,37056
10:56:53,4,4.85,1.52,17724
10:56:53,4,4.84,1.52,38848
10:56:55,4,4.86,1.53,38848
10:56:55,4,4.87,1.53,38848
10:56:57,4,4.85,1.52,38848
10:56:57,4,4.85,1.53,17724
10:56:59,4,4.82,1.52,37056
10:56:59,4,4.85,1.53,37056
10:57:01,4,4.85,1.52,17724
10:57:01,4,4.85,1.52,17724
10:57:03,4,4.84,1.52,17724
10:57:03,4,4.87,1.53,38848
10:57:05,4,4.85,1.52,17724
10:57:06,4,4.85,1.53,37056
10:57:07,4,4.85,1.52,17724
10:57:08,4,4.85,1.53,38848
10:57:09,4,4.85,1.52,17724
10:57:10,4,4.86,1.53,38848
10:57:11,4,4.84,1.53,37056
10:57:12,4,4.87,1.53,37056
10:57:13,4,4.82,1.52,37056
10:57:14,4,4.85,1.53,37056
10:57:15,4,4.85,1.52,17724
10:57:16,4,4.86,1.53,17724
10:57:17,4,4.85,1.52,37056
10:57:18,4,4.85,1.53,37056
10:57:19,4,4.86,1.53,37056
10:57:20,4,4.87,1.53,38848
10:57:21,4,4.84,1.53,37056
10:57:22,4,4.84,1.52,17724
10:57:23,4,4.84,1.52,37056
10:57:24,4,4.83,1.52,38848
10:57:25,4,4.84,1.52,17724
10:57:26,4,4.85,1.52,17724
10:57:27,4,4.84,1.52,17724
10:57:28,4,4.86,1.53,37056
10:57:29,4,4.85,1.52,17724
10:57:30,4,4.86,1.53,37056
10:57:31,4,4.85,1.52,17724
10:57:32,4,4.82,1.52,37056
10:57:33,4,4.88,1.53,37056
10:57:34,4,4.86,1.53,37056
10:57:35,4,5.01,1.57,17724
10:57:36,4,4.95,1.56,38848
10:57:37,4,6.09,1.94,17724
10:57:38,4,6.23,1.99,37056
10:57:39,4,6.52,2.08,37056
10:57:40,4,6.62,2.12,37056
10:57:41,4,6.82,2.18,38848
10:57:42,4,6.88,2.20,38848
10:57:44,4,7.05,2.27,38848
10:57:44,4,7.12,2.30,38848
10:57:46,4,7.26,2.37,38848
10:57:46,4,7.30,2.38,38848
10:57:48,4,7.43,2.41,38848
10:57:48,4,7.46,2.41,38848
10:57:50,4,7.59,2.45,38848
10:57:50,4,7.63,2.47,38848
10:57:52,4,7.75,2.51,38848
10:57:52,4,7.77,2.52,38848
10:57:54,4,7.85,2.54,38848
10:57:55,4,7.88,2.54,38848
10:57:56,4,7.95,2.57,38848
10:57:57,4,8.01,2.59,38848
10:57:58,4,8.10,2.61,38848
10:57:59,4,8.12,2.63,38848
10:58:00,4,8.20,2.66,38848
10:58:01,4,8.22,2.67,38848
10:58:02,4,8.28,2.69,38848
10:58:03,4,8.31,2.69,38848
10:58:04,4,8.36,2.70,38848
10:58:05,4,8.37,2.70,38848
10:58:06,4,7.17,2.70,37056
10:58:07,4,7.17,2.71,17724
10:58:08,4,4.95,1.56,17724
10:58:09,4,5.15,1.62,17724
10:58:11,4,5.24,1.65,17724
10:58:11,4,5.43,1.77,38848
10:58:13,4,5.37,1.69,17724
10:58:13,4,5.29,1.69,37056
10:58:15,4,5.38,1.70,17724
10:58:15,4,5.38,1.70,17724
10:58:17,4,5.31,1.74,17724
10:58:17,4,5.31,1.70,17724
10:58:19,4,5.35,1.70,37056
10:58:19,4,5.17,1.70,38848
10:58:21,4,4.85,1.52,37056
10:58:21,4,3.52,1.51,17724
10:58:23,1,0.28,0.28,18288
