x,y,z,gz
-300,-300,1,0.021463183
-250,-300,1,0.024383853
-200,-300,1,0.036738701
-150,-300,1,0.038597778
-100,-300,1,0.039121518
-50,-300,1,0.050832252
0,-300,1,0.060239256
50,-300,1,0.055714598
100,-300,1,0.037720019
150,-300,1,0.027170717
200,-300,1,0.026200778
250,-300,1,0.025830087
300,-300,1,0.0010263782
-300,-250,1,0.023660975
-250,-250,1,0.022683727
-200,-250,1,0.036440757
-150,-250,1,0.048884425
-100,-250,1,0.06151549
-50,-250,1,0.075651131
0,-250,1,0.08392156
50,-250,1,0.071146714
100,-250,1,0.075547993
150,-250,1,0.047875946
200,-250,1,0.045478336
250,-250,1,0.04060734
300,-250,1,0.026269436
-300,-200,1,0.025198224
-250,-200,1,0.034860873
-200,-200,1,0.053814258
-150,-200,1,0.078409548
-100,-200,1,0.088428142
-50,-200,1,0.1111111
0,-200,1,0.11759501
50,-200,1,0.1173655
100,-200,1,0.098637345
150,-200,1,0.079536789
200,-200,1,0.052178965
250,-200,1,0.041466263
300,-200,1,0.037935783
-300,-150,1,0.050176686
-250,-150,1,0.04292368
-200,-150,1,0.089197903
-150,-150,1,0.12015202
-100,-150,1,0.15391159
-50,-150,1,0.18157333
0,-150,1,0.1888554
50,-150,1,0.19152643
100,-150,1,0.16374279
150,-150,1,0.12395259
200,-150,1,0.087539951
250,-150,1,0.056403162
300,-150,1,0.027646896
-300,-100,1,0.043551298
-250,-100,1,0.069627425
-200,-100,1,0.086103712
-150,-100,1,0.15069117
-100,-100,1,0.21789236
-50,-100,1,0.27798778
0,-100,1,0.2837365
50,-100,1,0.26666559
100,-100,1,0.21066831
150,-100,1,0.13764133
200,-100,1,0.11135184
250,-100,1,0.060017724
300,-100,1,0.046331706
-300,-50,1,0.045660698
-250,-50,1,0.085423081
-200,-50,1,0.12386585
-150,-50,1,0.18464955
-100,-50,1,0.25380852
-50,-50,1,0.35432059
0,-50,1,0.38953589
50,-50,1,0.36225872
100,-50,1,0.2670308
150,-50,1,0.19456173
200,-50,1,0.10184439
250,-50,1,0.066702102
300,-50,1,0.055614268
-300,0,1,0.049774317
-250,0,1,0.091925957
-200,0,1,0.12049484
-150,0,1,0.18619299
-100,0,1,0.29046232
-50,0,1,0.37473563
0,0,1,0.40629361
50,0,1,0.38909164
100,0,1,0.29845713
150,0,1,0.20226845
200,0,1,0.11263016
250,0,1,0.089313484
300,0,1,0.046968737
-300,50,1,0.060945857
-250,50,1,0.068609575
-200,50,1,0.10672224
-150,50,1,0.181451
-100,50,1,0.28078476
-50,50,1,0.35522938
0,50,1,0.37895196
50,50,1,0.34270234
100,50,1,0.26049631
150,50,1,0.1835599
200,50,1,0.12110859
250,50,1,0.070848513
300,50,1,0.038857836
-300,100,1,0.050868711
-250,100,1,0.053475948
-200,100,1,0.090901062
-150,100,1,0.15257491
-100,100,1,0.19554388
-50,100,1,0.27540546
0,100,1,0.28876053
50,100,1,0.27309482
100,100,1,0.21367645
150,100,1,0.14908169
200,100,1,0.10263598
250,100,1,0.057829088
300,100,1,0.055437961
-300,150,1,0.043777889
-250,150,1,0.060458831
-200,150,1,0.086287107
-150,150,1,0.11549649
-100,150,1,0.15443501
-50,150,1,0.17999842
0,150,1,0.17957537
50,150,1,0.17824191
100,150,1,0.14097931
150,150,1,0.097064624
200,150,1,0.078728578
250,150,1,0.048681864
300,150,1,0.029135519
-300,200,1,0.022700693
-250,200,1,0.044785427
-200,200,1,0.060622169
-150,200,1,0.087601273
-100,200,1,0.096731277
-50,200,1,0.12154328
0,200,1,0.13061621
50,200,1,0.12244661
100,200,1,0.07712313
150,200,1,0.086819297
200,200,1,0.060463296
250,200,1,0.04608092
300,200,1,0.034493892
-300,250,1,0.028677269
-250,250,1,0.035736915
-200,250,1,0.039554142
-150,250,1,0.037565314
-100,250,1,0.063244869
-50,250,1,0.06551627
0,250,1,0.084235523
50,250,1,0.069810547
100,250,1,0.064849203
150,250,1,0.046338148
200,250,1,0.038289041
250,250,1,0.032977158
300,250,1,0.013098983
-300,300,1,0.022922125
-250,300,1,0.024600938
-200,300,1,0.021510567
-150,300,1,0.017724245
-100,300,1,0.047866767
-50,300,1,0.045335383
0,300,1,0.044945532
50,300,1,0.04584764
100,300,1,0.05873597
150,300,1,0.037307731
200,300,1,0.032120555
250,300,1,0.013084826
300,300,1,0.034151822
