x,y,z,tmi
-300,-300,20,6.775517
-250,-300,20,9.9175055
-200,-300,20,10.274475
-150,-300,20,17.364133
-100,-300,20,19.777498
-50,-300,20,23.308039
0,-300,20,21.152195
50,-300,20,14.529365
100,-300,20,18.217602
150,-300,20,3.8082996
200,-300,20,4.9018582
250,-300,20,1.8355735
300,-300,20,-2.8833706
-300,-250,20,6.4896864
-250,-250,20,7.8297483
-200,-250,20,13.022396
-150,-250,20,23.938352
-100,-250,20,29.036687
-50,-250,20,40.908741
0,-250,20,38.563303
50,-250,20,31.378357
100,-250,20,18.279018
150,-250,20,11.115563
200,-250,20,11.309207
250,-250,20,2.7391798
300,-250,20,-0.80663128
-300,-200,20,10.130562
-250,-200,20,6.2577548
-200,-200,20,17.861217
-150,-200,20,32.302031
-100,-200,20,52.27683
-50,-200,20,60.903386
0,-200,20,63.669624
50,-200,20,51.749376
100,-200,20,42.59267
150,-200,20,25.399139
200,-200,20,8.5887289
250,-200,20,3.3467655
300,-200,20,-4.8810484
-300,-150,20,2.9254762
-250,-150,20,15.709625
-200,-150,20,25.115191
-150,-150,20,55.426784
-100,-150,20,76.890639
-50,-150,20,106.44716
0,-150,20,109.60946
50,-150,20,96.177803
100,-150,20,62.841796
150,-150,20,29.476277
200,-150,20,8.4930861
250,-150,20,11.423356
300,-150,20,-2.5698921
-300,-100,20,-3.6482714
-250,-100,20,7.9691829
-200,-100,20,28.238126
-150,-100,20,56.500313
-100,-100,20,110.86283
-50,-100,20,149.55428
0,-100,20,154.52936
50,-100,20,129.76584
100,-100,20,79.082427
150,-100,20,32.798222
200,-100,20,4.3518806
250,-100,20,2.458361
300,-100,20,0.34941513
-300,-50,20,-4.0992806
-250,-50,20,2.1292904
-200,-50,20,15.29382
-150,-50,20,51.067074
-100,-50,20,97.579475
-50,-50,20,147.78603
0,-50,20,164.20116
50,-50,20,132.21842
100,-50,20,81.250778
150,-50,20,25.85853
200,-50,20,7.83142
250,-50,20,-5.510882
300,-50,20,-8.9685392
-300,0,20,4.4590429
-250,0,20,-1.417332
-200,0,20,6.139793
-150,0,20,36.690407
-100,0,20,80.313151
-50,0,20,120.07161
0,0,20,119.44576
50,0,20,101.53216
100,0,20,54.869544
150,0,20,8.1755302
200,0,20,-7.1151168
250,0,20,-14.182994
300,0,20,-3.1750102
-300,50,20,-9.4307382
-250,50,20,-8.415352
-200,50,20,-6.3432423
-150,50,20,9.6982905
-100,50,20,37.154657
-50,50,20,60.617368
0,50,20,57.702223
50,50,20,43.500706
100,50,20,10.099571
150,50,20,-12.306431
200,50,20,-8.1877306
250,50,20,-12.5471
300,50,20,-15.290515
-300,100,20,-13.873208
-250,100,20,-14.948301
-200,100,20,-13.426385
-150,100,20,-11.879715
-100,100,20,-8.8781959
-50,100,20,-7.1763301
0,100,20,-0.91343413
50,100,20,-10.212494
100,100,20,-21.502331
150,100,20,-25.593809
200,100,20,-24.305767
250,100,20,-27.316296
300,100,20,-13.178914
-300,150,20,-13.959076
-250,150,20,-17.054807
-200,150,20,-20.044884
-150,150,20,-20.388351
-100,150,20,-31.384881
-50,150,20,-36.95553
0,150,20,-33.646024
50,150,20,-33.908206
100,150,20,-37.087684
150,150,20,-27.295734
200,150,20,-23.910881
250,150,20,-16.405309
300,150,20,-16.983749
-300,200,20,-7.5006678
-250,200,20,-9.5205239
-200,200,20,-15.482886
-150,200,20,-20.766311
-100,200,20,-39.995557
-50,200,20,-31.59272
0,200,20,-34.753871
50,200,20,-34.35587
100,200,20,-32.33441
150,200,20,-24.943985
200,200,20,-18.412868
250,200,20,-15.91569
300,200,20,-12.891788
-300,250,20,-5.0734656
-250,250,20,-15.095197
-200,250,20,-11.399658
-150,250,20,-17.713476
-100,250,20,-24.409665
-50,250,20,-25.517226
0,250,20,-28.713386
50,250,20,-22.848666
100,250,20,-21.431376
150,250,20,-20.86912
200,250,20,-18.97548
250,250,20,-11.211495
300,250,20,-6.4268402
-300,300,20,-7.9295846
-250,300,20,-8.0515982
-200,300,20,-12.708172
-150,300,20,-13.537177
-100,300,20,-16.766564
-50,300,20,-16.397644
0,300,20,-22.737424
50,300,20,-15.319801
100,300,20,-16.643517
150,300,20,-12.690491
200,300,20,-12.673936
250,300,20,-8.431366
300,300,20,-11.048393
